Company Name,Website URL,State,Careers Page URL,Sample Open Roles / Focus,Industry Segment,Verification Notes,Verified
Flock Homes,https://www.flockhomes.com,California,https://www.flockhomes.com/careers,Software Engineer; Portfolio Associate,SFR 1031 Exchange Platform,Directory-confirmed,FALSE
Divvy Homes,https://www.divvyhomes.com,California,https://www.divvyhomes.com/careers,Software Engineer; Real Estate Agent Success,Rent-to-Own Platform,Directory-confirmed,FALSE
Kasa Living,https://www.kasa.com,California,https://www.kasa.com/careers,Revenue Manager; Software Engineer,Flexible-Stay Hospitality Tech,Directory-confirmed,FALSE
Medical Properties Trust,https://www.medicalpropertiestrust.com,Alabama,https://www.medicalpropertiestrust.com/careers,Asset Manager; Financial Analyst,Healthcare REIT,"Public company (NYSE: MPW), HQ Birmingham AL",TRUE
Uniti Group,https://www.uniti.com,Arkansas,https://www.uniti.com/careers,Network Engineer; Asset Manager,Infrastructure REIT (fiber/real estate),"Public company (NASDAQ: UNIT), HQ Little Rock AR",FALSE
Starwood Property Trust,https://www.starwoodpropertytrust.com,Connecticut,https://www.starwoodcapital.com/careers,Analyst; Asset Manager,Commercial Mortgage REIT,"Public company (NYSE: STWD), HQ Greenwich CT",TRUE
Alexander & Baldwin,https://www.alexanderbaldwin.com,Hawaii,https://www.alexanderbaldwin.com/careers,Property Manager; Leasing Agent,Commercial Real Estate / Land REIT,"Public company (NYSE: ALEX), HQ Honolulu HI",FALSE
Kite Realty Group Trust,https://www.kiterealty.com,Indiana,https://www.kiterealty.com/careers,Leasing Manager; Asset Manager,Shopping Center REIT,"Public company (NYSE: KRG), HQ Indianapolis IN",FALSE
Lamar Advertising Company,https://www.lamar.com,Louisiana,https://www.lamar.com/careers,Account Executive; Real Estate Manager,Outdoor Advertising REIT,"Public company (NASDAQ: LAMR), HQ Baton Rouge LA",FALSE
EastGroup Properties,https://www.eastgroup.net,Mississippi,https://www.eastgroup.net/careers,Property Manager; Leasing Associate,Industrial REIT,"Public company (NYSE: EGP), HQ Ridgeland (Jackson) MS",FALSE
EPR Properties,https://www.eprkc.com,Missouri,https://www.eprkc.com/careers,Asset Manager; Investment Analyst,Experiential/Entertainment REIT,"Public company (NYSE: EPR), HQ Kansas City MO",FALSE
Veris Residential,https://www.verisresidential.com,New Jersey,https://www.verisresidential.com/careers,Leasing Consultant; Property Manager,Multifamily REIT,"Public company (NYSE: VRE), HQ Jersey City NJ",FALSE
Highwoods Properties,https://www.highwoods.com,North Carolina,https://www.highwoods.com/careers,Leasing Manager; Property Manager,Office REIT,"Public company (NYSE: HIW), HQ Raleigh NC",FALSE
Greystar,https://www.greystar.com,South Carolina,https://www.greystar.com/careers,Community Manager; Regional Manager,World's Largest Multifamily Property Manager,"Private, HQ Charleston SC - 800K+ units under management",TRUE
Easterly Government Properties,https://www.easterlyre.com,District of Columbia,https://www.easterlyre.com/careers,Asset Manager; Acquisitions Associate,Government-Leased Office REIT,"Public company (NYSE: DEA), HQ Washington DC (not a state)",FALSE
Cohen-Esrey Communities,https://www.cohenesrey.com,Kansas,https://www.cohenesrey.com/careers,Property Manager; Leasing Agent,Multifamily Property Management,"HQ Overland Park KS, 50+ years in business",FALSE
Case & Associates,https://www.caseandassociates.com,Oklahoma,https://www.caseandassociates.com/careers,Property Manager; Leasing Consultant,Multifamily Property Management,"HQ Tulsa OK, 30,000+ units managed",FALSE
Oakbrook Corporation,https://www.oakbrookcorp.com,Wisconsin,https://www.oakbrookcorp.com/careers,Property Manager; Leasing Agent,Commercial & Residential Property Management,"HQ Madison WI, family-owned since 1987",FALSE
BH Management Services,https://www.bhmanagement.com,Iowa,https://www.bhmanagement.com/careers,Community Manager; Regional Manager,Multifamily Property Management,"HQ Des Moines IA, 210,000+ units managed nationally",TRUE
Atria Senior Living,https://www.atriaseniorliving.com,Kentucky,https://www.atriaseniorliving.com/careers,Community Manager; Sales Director,Senior Living Property Management,"HQ Louisville KY, 200+ communities in 38 states",TRUE
Picerne Real Estate Group,https://www.picerne.com,Rhode Island,https://www.picerne.com/careers,Property Manager; Leasing Agent,Multifamily & Military Housing Management,"HQ Johnston RI, family-owned since 1925",FALSE
The Lund Company,https://www.lundco.com,Nebraska,https://www.lundco.com/careers,Property Manager; Leasing Consultant,Multifamily & Commercial Property Management,"HQ Omaha NE, serving since 1981",TRUE
Tamarack Property Management,https://www.tamarackproperty.com,Montana,https://www.tamarackproperty.com/careers,Property Manager; Maintenance Technician,Affordable/Multifamily/Senior Housing Management,HQ Billings MT - verify careers URL before outreach,FALSE
Mountain Property Management,https://jacksonholeproperties.net,Wyoming,https://jacksonholeproperties.net/careers,Property Manager; HOA Coordinator,Residential & HOA Property Management,"HQ Jackson WY - small regional firm, verify before outreach",FALSE
Redstone,https://www.redstonevt.com,Vermont,https://www.redstonevt.com/careers,Property Manager; Leasing Agent,Multifamily & Commercial Property Management,HQ Burlington VT - verify careers URL before outreach,FALSE
Doorstead,https://www.doorstead.com,California,https://www.doorstead.com/careers,Property Manager; Software Engineer,Guaranteed-Rent Property Management,Directory-confirmed,FALSE
Belong,https://belonghome.com,California,https://belonghome.com/careers,Property Manager; Software Engineer,SFR Property Management,Directory-confirmed,FALSE
Mynd,https://www.mynd.co,California,https://www.mynd.co/careers,Property Manager; Software Engineer,SFR Property Management,Directory-confirmed,FALSE
WeWork,https://www.wework.com,New York,https://www.wework.com/careers,Community Manager; Software Engineer,Flexible Workspace,Large established company,FALSE
Industrious,https://www.industriousoffice.com,New York,https://www.industriousoffice.com/careers,Community Manager; Software Engineer,Flexible Workspace,Directory-confirmed,TRUE
Northpoint Asset Manamgement ,,,https://northpointam.com/careers,,,,
Atlas Real Estate,,,https://realatlas.com/careers/,,,,
Evernest Property Management ,,,https://www.evernest.co/careers,,,,
PURE Homeriver Group,,,https://purehomeriver.com/company/careers/,,,,
NARPM (National Association of Residential Property Managers) Job Board ,(TBD need to find the Login/Website),,,,,,
Rhome Property Management ,,,https://www.rhomepm.com/employment,,,,
Key Renter Property Managment,,,https://keyrenter.com/,,,,
PMI ,,,https://www.propertymanagementinc.com/careers,,,,
Real Property Management,,,https://jobs.realpropertymgt.com/jobs,,,,
Renters Warehouse,https://www.renterswarehouse.com,Minnesota,https://www.renterswarehouse.com/careers,Property Manager; Software Engineer,SFR Property Management Franchise,"HQ Minneapolis, MN",FALSE
Evergreen Residential ,https://evergreenresi.com/careers/,,,,,,
Evergreen Live ,,,,,,,