company,title,location,url,link_status,link_http,first_seen,closed_on,days_open,role_group,ats,job_key
AppFolio,Account Executive - SMB,"Santa Barbara, California",https://jobs.jobvite.com/appfolio-internal/job/obaXyfwA,gone,200,2026-09-24,2026-10-09,15,sales,jobvite,jobvite:appfolio-internal:obaXyfwA
Blend Labs,"Head of Product, Home Lending",United States,https://job-boards.greenhouse.io/blend/jobs/6181260004,no longer listed by the job board,0,2026-09-24,2026-10-09,15,executive,greenhouse,greenhouse:blend:6181260004
Blend Labs,NC Career Fair Software Engineer,"Raleigh, NC",https://job-boards.greenhouse.io/blend/jobs/6214287004,no longer listed by the job board,0,2026-10-02,2026-10-09,7,engineering,greenhouse,greenhouse:blend:6214287004
ButterflyMX,GRC Engineer,NYC Headquarters ,https://jobs.ashbyhq.com/butterflymx/4cf27e51-ff48-4d42-b764-6725905c41c0,no longer listed by the job board,0,2026-09-24,2026-10-09,15,engineering,ashby,ashby:butterflymx:4cf27e51-ff48-4d42-b764-6725905c41c0
ButterflyMX,GRC Engineer,US Remote ,https://jobs.ashbyhq.com/butterflymx/b6fc5622-af7e-4176-a21a-7303846072c0,no longer listed by the job board,0,2026-09-24,2026-10-09,15,engineering,ashby,ashby:butterflymx:b6fc5622-af7e-4176-a21a-7303846072c0
ButterflyMX,Sales Account Executive,US Remote ,https://jobs.ashbyhq.com/butterflymx/0726d861-9b50-480e-b74e-f8f02ee613fa,no longer listed by the job board,0,2026-09-24,2026-10-09,15,sales,ashby,ashby:butterflymx:0726d861-9b50-480e-b74e-f8f02ee613fa
ButterflyMX,Sales Account Executive (Hybrid),NYC Headquarters ,https://jobs.ashbyhq.com/butterflymx/10d8b77f-ea90-4714-9481-1ab0656fc355,no longer listed by the job board,0,2026-09-24,2026-10-09,15,sales,ashby,ashby:butterflymx:10d8b77f-ea90-4714-9481-1ab0656fc355
Chamberlain Group,"Principal, Go-To-Market, Video (Hybrid - Oak Brook, IL)","Oak Brook, IL",https://chamberlain.wd1.myworkdayjobs.com/Chamberlain_Group/job/Oak-Brook-IL/Principal--Go-To-Market--Video_JR31036,gone,403,2026-09-24,2026-10-09,15,gtm,workday,workday:chamberlain:/job/Oak-Brook-IL/Principal--Go-To-Market--Video_JR31036
Chamberlain Group,Sales Strategy & Operations Analyst,"Oak Brook, IL",https://chamberlain.wd1.myworkdayjobs.com/Chamberlain_Group/job/Oak-Brook-IL/Sales-Strategy---Operations-Analyst_JR31601,gone,403,2026-09-24,2026-10-09,15,sales,workday,workday:chamberlain:/job/Oak-Brook-IL/Sales-Strategy---Operations-Analyst_JR31601
Chamberlain Group,Staff Site Reliability Engineer,"Oak Brook, IL",https://chamberlain.wd1.myworkdayjobs.com/Chamberlain_Group/job/Oak-Brook-IL/Staff-Site-Reliability-Engineer_JR30139-1,gone,403,2026-09-24,2026-10-09,15,engineering,workday,workday:chamberlain:/job/Oak-Brook-IL/Staff-Site-Reliability-Engineer_JR30139-1
Convene,General Manager- Live Events,"London, UK",https://job-boards.greenhouse.io/convene/jobs/8099686,no longer listed by the job board,0,2026-09-24,2026-10-09,15,executive,greenhouse,greenhouse:convene:8099686
Digible,Staff Software Engineer,Remote,https://job-boards.greenhouse.io/digible/jobs/6128276004,no longer listed by the job board,0,2026-09-24,2026-10-09,15,engineering,greenhouse,greenhouse:digible:6128276004
Entrata,Senior Machine Learning Engineer,"Lehi, Utah",https://jobs.lever.co/entrata/d579bade-723d-4429-a1cb-565d15f3dff7,no longer listed by the job board,0,2026-09-24,2026-10-09,15,engineering,lever,lever:entrata:d579bade-723d-4429-a1cb-565d15f3dff7
Envoy,SMB Account Executive,"San Francisco, CA",https://jobs.ashbyhq.com/envoy/db16b366-f319-4908-a493-19ed22914f05,no longer listed by the job board,0,2026-09-24,2026-10-09,15,sales,ashby,ashby:envoy:db16b366-f319-4908-a493-19ed22914f05
Greystar,Marketing Associate,"City Office Nashville/Brentwood, Brentwood, TN",https://greystar.wd1.myworkdayjobs.com/External/job/City-Office-NashvilleBrentwood-Brentwood-TN/Marketing-Associate---Nashville_R0200230,gone,403,2026-09-24,2026-10-09,15,gtm,workday,workday:greystar:/job/City-Office-NashvilleBrentwood-Brentwood-TN/Marketing-Associate---Nashville_R0200230
Greystar,Marketing Associate,"City Office Newport, Newport Beach, CA",https://greystar.wd1.myworkdayjobs.com/External/job/City-Office-Newport-Newport-Beach-CA/Marketing-Associate_R0202088,gone,403,2026-09-24,2026-10-09,15,gtm,workday,workday:greystar:/job/City-Office-Newport-Newport-Beach-CA/Marketing-Associate_R0202088
Greystar,Microsoft 365 Automation & AI Developer,"Remote, United States",https://greystar.wd1.myworkdayjobs.com/External/job/Remote-United-States/Enterprise-Automation---AI-Developer_R0190068,gone,403,2026-09-24,2026-10-09,15,engineering,workday,workday:greystar:/job/Remote-United-States/Enterprise-Automation---AI-Developer_R0190068
Greystar,Senior Marketing Associate,"City Office Atlanta, Atlanta, GA",https://greystar.wd1.myworkdayjobs.com/External/job/City-Office-Atlanta-Atlanta-GA/Senior-Marketing-Associate_R0200636,gone,403,2026-09-24,2026-10-09,15,gtm,workday,workday:greystar:/job/City-Office-Atlanta-Atlanta-GA/Senior-Marketing-Associate_R0200636
Luxury Presence,Head of Product Design - Remote (US/CANADA),United States,https://jobs.lever.co/luxurypresence/fec5bab7-05d5-434a-9a13-83a452728217,no longer listed by the job board,0,2026-09-24,2026-10-09,15,executive,lever,lever:luxurypresence:fec5bab7-05d5-434a-9a13-83a452728217
Notarize (Proof),Director of IT Engineering,Remote,https://jobs.lever.co/proof/374f9128-6f10-457d-9e5e-d4a893c49c0e,no longer listed by the job board,0,2026-09-24,2026-10-09,15,engineering,lever,lever:proof:374f9128-6f10-457d-9e5e-d4a893c49c0e
Procore Technologies,"Manager, Global Revenue Planning and Strategy (Remote)","Austin, TX, USA",https://jobs.fifthwall.com/companies/procore-2/jobs/95326848-95326848-manager-global-revenue-planning-and-strategy-remote,gone,200,2026-09-30,2026-10-09,9,sales,vc:Fifth Wall,getro:Fifth Wall:95326848
Procore Technologies,"Senior Software Engineer, Backend","Cairo Governorate, Egypt",https://jobs.fifthwall.com/companies/procore-2/jobs/95729946-95729946-senior-software-engineer-backend,gone,200,2026-10-04,2026-10-09,5,engineering,vc:Fifth Wall,getro:Fifth Wall:95729946
Procore Technologies,Software Engineer 2,"Bengaluru, Karnataka, India",https://jobs.fifthwall.com/companies/procore-2/jobs/95326846-95326846-software-engineer-2,error,0,2026-09-30,2026-10-09,9,engineering,vc:Fifth Wall,getro:Fifth Wall:95326846
Procore Technologies,Staff Software Engineer,"Austin, TX, USA",https://jobs.fifthwall.com/companies/procore-2/jobs/95729938-95729938-staff-software-engineer,gone,200,2026-10-04,2026-10-09,5,engineering,vc:Fifth Wall,getro:Fifth Wall:95729938
Second Nature,"Staff Software Engineer, Engineering Systems & Automation","Remote, USA",https://jobs.ashbyhq.com/second-nature/30798d80-7661-4ad4-8c0a-1245b119b317,no longer listed by the job board,0,2026-09-24,2026-10-09,15,engineering,ashby,ashby:second-nature:30798d80-7661-4ad4-8c0a-1245b119b317
Snapdocs,"Senior Manager, Revenue Marketing - Settlement & Strategic Verticals",United States,https://jobs.ashbyhq.com/snapdocs/07b18cf6-5947-4991-8905-354710aec870,no longer listed by the job board,0,2026-09-24,2026-10-09,15,sales,ashby,ashby:snapdocs:07b18cf6-5947-4991-8905-354710aec870
TheGuarantors,Customer Success Manager,Remote (United States),https://ats.rippling.com/theguarantors-open-positions/jobs/4375afa4-c4f6-4cc7-a5fa-2c4f7b3a316c,no longer listed by the job board,0,2026-09-24,2026-10-09,15,gtm,rippling,rippling:theguarantors-open-positions:4375afa4-c4f6-4cc7-a5fa-2c4f7b3a316c
TheGuarantors,Senior Marketing Operations Manager,"New York, NY",https://ats.rippling.com/theguarantors-open-positions/jobs/23b8eb78-b0dc-48e0-9933-50ed5587295f,no longer listed by the job board,0,2026-09-24,2026-10-09,15,gtm,rippling,rippling:theguarantors-open-positions:23b8eb78-b0dc-48e0-9933-50ed5587295f
VTS,Senior Client Success Manager,"New York, New York, United States",https://job-boards.greenhouse.io/vts/jobs/4698516005,no longer listed by the job board,0,2026-09-24,2026-10-09,15,gtm,greenhouse,greenhouse:vts:4698516005
Zillow Group,"Marketing Technologist, Web",Bengaluru,https://zillow.wd5.myworkdayjobs.com/Zillow_Group_External/job/Bengaluru/Marketing-Technologist--Web_P750920-1,gone,403,2026-09-24,2026-10-09,15,gtm,workday,workday:zillow:/job/Bengaluru/Marketing-Technologist--Web_P750920-1
Zillow Group,Principal Analytics Engineer,Remote-USA,https://zillow.wd5.myworkdayjobs.com/Zillow_Group_External/job/Remote-USA/Principal-Analytics-Engineer_P751074-1,gone,403,2026-09-24,2026-10-09,15,engineering,workday,workday:zillow:/job/Remote-USA/Principal-Analytics-Engineer_P751074-1
Zillow Group,Senior Backend Software Development Engineer - Mexico,Mexico City,https://zillow.wd5.myworkdayjobs.com/Zillow_Group_External/job/Mexico-City/Senior-Backend-Software-Development-Engineer---Mexico_P749907,gone,403,2026-09-24,2026-10-09,15,engineering,workday,workday:zillow:/job/Mexico-City/Senior-Backend-Software-Development-Engineer---Mexico_P749907
