company,title,location,url,link_status,link_http,posted_at,first_seen,days_open,role_group,focus,ats,segment,state,tier,job_key
AppFolio,Strategic Customer Success Manager,8 Locations,https://jobs.jobvite.com/appfolio-internal/job/o6dTAfww,live,200,,2026-10-09,0,gtm,customer,jobvite,Property Management Software,California,A,jobvite:appfolio-internal:o6dTAfww
ButterflyMX,Mechanical Engineer,Irvine Office/Warehouse,https://jobs.ashbyhq.com/butterflymx/427cb494-c1ee-4a21-b01d-fd35b46985b9,live,200,2026-10-05,2026-10-09,0,engineering,eng,ashby,Smart Access / Intercom Systems,New York,A,ashby:butterflymx:427cb494-c1ee-4a21-b01d-fd35b46985b9
DoorLoop,Account Executive (SMB),Miami (US),https://www.doorloop.com/job-post?job=3E.275,live,200,2026-10-09,2026-10-09,0,sales,sales,comeet,Property Management Software,Florida,A,comeet:0A.006:3E.275
DoorLoop,Lead Senior Talent Acquisition(GTM),Remote · Miami (US),https://www.doorloop.com/job-post?job=F5.270,live,200,2026-10-09,2026-10-09,0,gtm,,comeet,Property Management Software,Florida,A,comeet:0A.006:F5.270
DoorLoop,Senior Go-To-Market Analyst,New York City (US),https://www.doorloop.com/job-post?job=3E.277,live,200,2026-10-09,2026-10-09,0,gtm,,comeet,Property Management Software,Florida,A,comeet:0A.006:3E.277
Entrata,Regional Vice President Product Sales (AI),United States,https://jobs.lever.co/entrata/f91be6ec-b3b9-4bc4-a9a2-05246f32acb7,live,200,2026-10-06,2026-10-09,0,executive,sales,lever,Property Management Software (AI leasing/payments),Utah,A,lever:entrata:f91be6ec-b3b9-4bc4-a9a2-05246f32acb7
Footprint,"Member of Technical Staff (Backend, Rust)",New York City,https://jobs.ashbyhq.com/footprint/77131cd8-25ad-4e70-9f21-ba480a67bfe1,live,200,2026-10-04,2026-10-09,0,engineering,,ashby,Identity Verification / KYC,New York,A,ashby:footprint:77131cd8-25ad-4e70-9f21-ba480a67bfe1
Greystar,Marketing Coordinator,"City Office Newport, Newport Beach, CA",https://greystar.wd1.myworkdayjobs.com/External/job/City-Office-Newport-Newport-Beach-CA/Marketing-Coordinator_R0203399,live,200,,2026-10-09,0,gtm,,workday,Multifamily Property Manager,South Carolina,A,workday:greystar:/job/City-Office-Newport-Newport-Beach-CA/Marketing-Coordinator_R0203399
Greystar,Marketing Manager - Active Adult,"Remote Texas, Remote Texas, TX",https://greystar.wd1.myworkdayjobs.com/External/job/Remote-Texas-Remote-Texas-TX/Marketing-Manager---Active-Adult_R0203387,live,200,,2026-10-09,0,gtm,,workday,Multifamily Property Manager,South Carolina,A,workday:greystar:/job/Remote-Texas-Remote-Texas-TX/Marketing-Manager---Active-Adult_R0203387
Greystar,Part-Time Social Media Content Specialist,"City Office DC, Arlington, VA",https://greystar.wd1.myworkdayjobs.com/External/job/City-Office-DC-Arlington-VA/Part-Time-Social-Media-Content-Specialist_R0203375,live,200,,2026-10-09,0,gtm,,workday,Multifamily Property Manager,South Carolina,A,workday:greystar:/job/City-Office-DC-Arlington-VA/Part-Time-Social-Media-Content-Specialist_R0203375
Greystar,Part-Time Social Media Content Specialist,"City Office Greenwood Village, Greenwood Village, CO",https://greystar.wd1.myworkdayjobs.com/External/job/City-Office-Greenwood-Village-Greenwood-Village-CO/Part-Time-Social-Media-Content-Specialist_R0203368,live,200,,2026-10-09,0,gtm,,workday,Multifamily Property Manager,South Carolina,A,workday:greystar:/job/City-Office-Greenwood-Village-Greenwood-Village-CO/Part-Time-Social-Media-Content-Specialist_R0203368
Greystar,Part-Time Social Media Content Specialist,"City Office Austin, Austin, TX",https://greystar.wd1.myworkdayjobs.com/External/job/City-Office-Austin-Austin-TX/Part-Time-Social-Media-Content-Specialist_R0203362,live,200,,2026-10-09,0,gtm,,workday,Multifamily Property Manager,South Carolina,A,workday:greystar:/job/City-Office-Austin-Austin-TX/Part-Time-Social-Media-Content-Specialist_R0203362
MRI Software,AI Software Engineer III,"Baroda, India Office",https://mrisoftware.wd501.myworkdayjobs.com/External_CareerSite/job/Baroda-India-Office/AI-Software-Engineer-III_R-109456,live,200,2026-10-05,2026-10-09,0,engineering,eng,workday,Real Estate/Property Management Software,Ohio,A,workday:mrisoftware:/job/Baroda-India-Office/AI-Software-Engineer-III_R-109456
MRI Software,Account Manager (Software-as-a-Service),"London, UK Office",https://mrisoftware.wd501.myworkdayjobs.com/External_CareerSite/job/London-UK-Office/Account-Manager--Software-as-a-Service-_R-109659,live,200,2026-10-09,2026-10-09,0,gtm,customer,workday,Real Estate/Property Management Software,Ohio,A,workday:mrisoftware:/job/London-UK-Office/Account-Manager--Software-as-a-Service-_R-109659
MRI Software,Content Writer - Client Delivery & Documentation (UK Hours),"Cape Town, South Africa Office",https://mrisoftware.wd501.myworkdayjobs.com/External_CareerSite/job/Cape-Town-South-Africa-Office/Technical-Writer_R-108570,live,200,2026-10-09,2026-10-09,0,gtm,,workday,Real Estate/Property Management Software,Ohio,A,workday:mrisoftware:/job/Cape-Town-South-Africa-Office/Technical-Writer_R-108570
MRI Software,Product Marketing Manager (1/2),3 Locations,https://mrisoftware.wd501.myworkdayjobs.com/External_CareerSite/job/US-Remote/Product-Marketing-Manager_R-108834,live,200,2026-10-05,2026-10-09,0,gtm,,workday,Real Estate/Property Management Software,Ohio,A,workday:mrisoftware:/job/US-Remote/Product-Marketing-Manager_R-108834
MRI Software,Product Marketing Manager (2/2),3 Locations,https://mrisoftware.wd501.myworkdayjobs.com/External_CareerSite/job/US-Remote/Associate-Product-Marketing-Specialist_R-108835,live,200,2026-10-05,2026-10-09,0,gtm,,workday,Real Estate/Property Management Software,Ohio,A,workday:mrisoftware:/job/US-Remote/Associate-Product-Marketing-Specialist_R-108835
MRI Software,Sales Development Representative,"Sydney, Australia Office",https://mrisoftware.wd501.myworkdayjobs.com/External_CareerSite/job/Sydney-Australia-Office/Sales-Development-Representative_R-109614,live,200,2026-10-02,2026-10-09,0,sales,sales,workday,Real Estate/Property Management Software,Ohio,A,workday:mrisoftware:/job/Sydney-Australia-Office/Sales-Development-Representative_R-109614
MRI Software,Sales Development Representative (Outbound),"Sydney, Australia Office",https://mrisoftware.wd501.myworkdayjobs.com/External_CareerSite/job/Sydney-Australia-Office/Sales-Development-Representative--Outbound-_R-109370,live,200,2026-10-06,2026-10-09,0,sales,sales,workday,Real Estate/Property Management Software,Ohio,A,workday:mrisoftware:/job/Sydney-Australia-Office/Sales-Development-Representative--Outbound-_R-109370
MRI Software,Software Engineer III (Mobile Developer),"Baroda, India Office",https://mrisoftware.wd501.myworkdayjobs.com/External_CareerSite/job/Baroda-India-Office/Software-Engineer-III--Mobile-Developer-_R-109289,live,200,2026-10-07,2026-10-09,0,engineering,eng,workday,Real Estate/Property Management Software,Ohio,A,workday:mrisoftware:/job/Baroda-India-Office/Software-Engineer-III--Mobile-Developer-_R-109289
Renters Warehouse,BUSINESS DEVELOPMENT MANAGER,"Tempe, AZ",https://workforcenow.adp.com/mascsr/default/mdf/recruitment/recruitment.html?cid=0b4acaac-5cd6-4597-9e3b-0cc4e2eba1da&jobId=73284483_1&lang=en_US,live,200,2026-10-08,2026-10-09,0,sales,sales,adp,SFR Property Management Franchise,Minnesota,A,adp:0b4acaac-5cd6-4597-9e3b-0cc4e2eba1da:73284483_1
TheGuarantors,Engineering Manager - Landlord Experience,"New York, NY",https://ats.rippling.com/theguarantors-open-positions/jobs/f6fb187d-5984-48cd-b51c-095dc0ea47d4,live,200,,2026-10-09,0,engineering,eng,rippling,Lease Insurance / Insurtech,New York,A,rippling:theguarantors-open-positions:f6fb187d-5984-48cd-b51c-095dc0ea47d4
TheGuarantors,Senior Marketing Operations Manager,"New York, NY",https://ats.rippling.com/theguarantors-open-positions/jobs/76b828fa-e6ac-4861-91b6-233f57124f32,live,200,,2026-10-09,0,gtm,ops,rippling,Lease Insurance / Insurtech,New York,A,rippling:theguarantors-open-positions:76b828fa-e6ac-4861-91b6-233f57124f32
Alarm.com,Device Engineer II,"Tysons, Virginia",https://job-boards.greenhouse.io/alarmcom/jobs/8752266002,live,200,2026-10-02,2026-10-09,0,engineering,eng,greenhouse,Smart Property / Security Platform,Virginia,B,greenhouse:alarmcom:8752266002
Alarm.com,Principal Software Engineer,"Tysons, Virginia",https://job-boards.greenhouse.io/alarmcom/jobs/8868356002,live,200,2026-10-05,2026-10-09,0,engineering,eng,greenhouse,Smart Property / Security Platform,Virginia,B,greenhouse:alarmcom:8868356002
Alarm.com,Senior Electrical Engineer,"Taoyuan, Taiwan",https://job-boards.greenhouse.io/alarmcom/jobs/8659598002,live,200,2026-10-07,2026-10-09,0,engineering,eng,greenhouse,Smart Property / Security Platform,Virginia,B,greenhouse:alarmcom:8659598002
Alarm.com,Software Engineer I - (streaming technologies),"Kraków, Lesser Poland Voivodeship, Poland",https://job-boards.greenhouse.io/alarmcom/jobs/8822832002,live,200,2026-10-03,2026-10-09,0,engineering,eng,greenhouse,Smart Property / Security Platform,Virginia,B,greenhouse:alarmcom:8822832002
Alarm.com,Software Engineer II,"Kraków, Lesser Poland Voivodeship, Poland",https://job-boards.greenhouse.io/alarmcom/jobs/8822833002,"listed in ATS, not rechecked",0,2026-10-06,2026-10-09,0,engineering,eng,greenhouse,Smart Property / Security Platform,Virginia,B,greenhouse:alarmcom:8822833002
Chamberlain Group,District Sales Manager,"Germantown, WI",https://chamberlain.wd1.myworkdayjobs.com/Chamberlain_Group/job/Germantown-WI/District-Sales-Manager_JR31694,live,200,,2026-10-09,0,sales,sales,workday,Smart Access (myQ/LiftMaster),Illinois,B,workday:chamberlain:/job/Germantown-WI/District-Sales-Manager_JR31694
Chamberlain Group,Lead Analytics Engineer,"Oak Brook, IL",https://chamberlain.wd1.myworkdayjobs.com/Chamberlain_Group/job/Oak-Brook-IL/Lead-Analytics-Engineer_JR31606,live,200,,2026-10-09,0,engineering,eng,workday,Smart Access (myQ/LiftMaster),Illinois,B,workday:chamberlain:/job/Oak-Brook-IL/Lead-Analytics-Engineer_JR31606
Chamberlain Group,Lead Analytics Engineer,"Oak Brook, IL",https://chamberlain.wd1.myworkdayjobs.com/Chamberlain_Group/job/Oak-Brook-IL/Lead-Analytics-Engineer_JR31608,live,200,,2026-10-09,0,engineering,eng,workday,Smart Access (myQ/LiftMaster),Illinois,B,workday:chamberlain:/job/Oak-Brook-IL/Lead-Analytics-Engineer_JR31608
Chamberlain Group,Lead Analytics Engineer,"Oak Brook, IL",https://chamberlain.wd1.myworkdayjobs.com/Chamberlain_Group/job/Oak-Brook-IL/Lead-Analytics-Engineer_JR31607,live,200,,2026-10-09,0,engineering,eng,workday,Smart Access (myQ/LiftMaster),Illinois,B,workday:chamberlain:/job/Oak-Brook-IL/Lead-Analytics-Engineer_JR31607
Chamberlain Group,Sr. Product Marketing Manager - Subscription Growth,"Oak Brook, IL",https://chamberlain.wd1.myworkdayjobs.com/Chamberlain_Group/job/Oak-Brook-IL/Sr-Product-Marketing-Manager---Subscription-Growth_JR31229,live,200,,2026-10-09,0,gtm,,workday,Smart Access (myQ/LiftMaster),Illinois,B,workday:chamberlain:/job/Oak-Brook-IL/Sr-Product-Marketing-Manager---Subscription-Growth_JR31229
Chamberlain Group,Sr. Site Reliability Engineer,"Oak Brook, IL",https://chamberlain.wd1.myworkdayjobs.com/Chamberlain_Group/job/Oak-Brook-IL/Sr-Site-Reliability-Engineer_JR31761,live,200,,2026-10-09,0,engineering,eng,workday,Smart Access (myQ/LiftMaster),Illinois,B,workday:chamberlain:/job/Oak-Brook-IL/Sr-Site-Reliability-Engineer_JR31761
Compass,"Associate Counsel, Marketing & Brands Commercial Transactions",Beverly Hills; New York City; San Francisco,https://www.compass.com/careers?gh_jid=8264941,"listed in ATS, not rechecked",0,2026-10-08,2026-10-09,0,gtm,,greenhouse,Real Estate Brokerage Tech,New York,B,greenhouse:urbancompass:8264941
Compass,Customer Success & Office Coordinator,Miami Beach,https://www.compass.com/careers?gh_jid=8260175,"listed in ATS, not rechecked",0,2026-10-06,2026-10-09,0,gtm,customer,greenhouse,Real Estate Brokerage Tech,New York,B,greenhouse:urbancompass:8260175
Compass,Marketing Advisor,"Napa, California, United States; Sonoma, California, United States",https://www.compass.com/careers?gh_jid=8257314,live,200,2026-10-05,2026-10-09,0,gtm,,greenhouse,Real Estate Brokerage Tech,New York,B,greenhouse:urbancompass:8257314
Compass,"Senior Software Engineer - Mobile, iOS",Boca Raton,https://www.compass.com/careers?gh_jid=8256187,live,200,2026-10-05,2026-10-09,0,engineering,eng,greenhouse,Real Estate Brokerage Tech,New York,B,greenhouse:urbancompass:8256187
Compass,"Senior Software Engineer - Mobile, iOS",Seattle,https://www.compass.com/careers?gh_jid=8256186,"listed in ATS, not rechecked",0,2026-10-05,2026-10-09,0,engineering,eng,greenhouse,Real Estate Brokerage Tech,New York,B,greenhouse:urbancompass:8256186
Compass,"Senior Software Engineer - Mobile, iOS",Boston,https://www.compass.com/careers?gh_jid=8256185,"listed in ATS, not rechecked",0,2026-10-05,2026-10-09,0,engineering,eng,greenhouse,Real Estate Brokerage Tech,New York,B,greenhouse:urbancompass:8256185
Compass,"Senior Software Engineer - Mobile, iOS",New York,https://www.compass.com/careers?gh_jid=8226312,"listed in ATS, not rechecked",0,2026-10-05,2026-10-09,0,engineering,eng,greenhouse,Real Estate Brokerage Tech,New York,B,greenhouse:urbancompass:8226312
Compass,Senior Software Engineer I - Front End,Boca Raton; Boston; New York City; Seattle,https://www.compass.com/careers?gh_jid=8249576,"listed in ATS, not rechecked",0,2026-10-02,2026-10-09,0,engineering,eng,greenhouse,Real Estate Brokerage Tech,New York,B,greenhouse:urbancompass:8249576
Compass,Senior Software Engineer II - Front End,Boca Raton; Boston; New York City; Seattle,https://www.compass.com/careers?gh_jid=8106238,"listed in ATS, not rechecked",0,2026-10-02,2026-10-09,0,engineering,eng,greenhouse,Real Estate Brokerage Tech,New York,B,greenhouse:urbancompass:8106238
Convene,"Director, Global Agency Partnerships (Meetings & Events)","New York, NY",https://job-boards.greenhouse.io/convene/jobs/8260232,live,200,2026-10-06,2026-10-09,0,sales,leadership,greenhouse,Flexible Workspace / Meeting Venues,New York,B,greenhouse:convene:8260232
Convene,"Senior Sales Executive, Corporate Meetings & Events","San Francisco, CA",https://job-boards.greenhouse.io/convene/jobs/8260250,live,200,2026-10-06,2026-10-09,0,sales,sales,greenhouse,Flexible Workspace / Meeting Venues,New York,B,greenhouse:convene:8260250
Convene,Senior | Staff Product Engineer,Remote (US East Coast / Eastern Time Zone Preferred),https://job-boards.greenhouse.io/convene/jobs/8260223,live,200,2026-10-09,2026-10-09,0,engineering,eng,greenhouse,Flexible Workspace / Meeting Venues,New York,B,greenhouse:convene:8260223
Envoy,SMB Account Executive,"San Francisco, CA",https://jobs.ashbyhq.com/envoy/e0660f3d-0672-4399-8d0c-d7b83fc78784,live,200,2026-10-07,2026-10-09,0,sales,sales,ashby,Workplace Experience Platform,California,B,ashby:envoy:e0660f3d-0672-4399-8d0c-d7b83fc78784
Point,Engineering Manager,"San Francisco, California, United States",https://point.com/hiring?gh_jid=8879796002,live,200,2026-10-08,2026-10-09,0,engineering,eng,greenhouse,Home Equity Fintech,California,B,greenhouse:pointdigitalfinance:8879796002
Point,Engineering Manager,United States,https://point.com/hiring?gh_jid=8879794002,live,200,2026-10-08,2026-10-09,0,engineering,eng,greenhouse,Home Equity Fintech,California,B,greenhouse:pointdigitalfinance:8879794002
Zillow Group,Analytics Engineer,Bengaluru,https://zillow.wd5.myworkdayjobs.com/Zillow_Group_External/job/Bengaluru/Analytics-Engineer_P751461,"listed in ATS, not rechecked",0,,2026-10-09,0,engineering,eng,workday,Real Estate Marketplace,Washington,B,workday:zillow:/job/Bengaluru/Analytics-Engineer_P751461
Zillow Group,Backend Software Development Engineer - Mexico,Mexico City,https://zillow.wd5.myworkdayjobs.com/Zillow_Group_External/job/Mexico-City/Backend-Software-Development-Engineer---Mexico_P751468-1,"listed in ATS, not rechecked",0,2026-10-06,2026-10-09,0,engineering,eng,workday,Real Estate Marketplace,Washington,B,workday:zillow:/job/Mexico-City/Backend-Software-Development-Engineer---Mexico_P751468-1
Zillow Group,Content Creator & Cultural Specialist,Remote-USA,https://zillow.wd5.myworkdayjobs.com/Zillow_Group_External/job/Remote-USA/Content-Creator_P751372-1,"listed in ATS, not rechecked",0,,2026-10-09,0,gtm,,workday,Real Estate Marketplace,Washington,B,workday:zillow:/job/Remote-USA/Content-Creator_P751372-1
Zillow Group,"Content Producer, Videographer, and Editor",Remote-USA,https://zillow.wd5.myworkdayjobs.com/Zillow_Group_External/job/Remote-USA/Content-Producer--Videographer--and-Editor_P751442-2,"listed in ATS, not rechecked",0,2026-10-09,2026-10-09,0,gtm,,workday,Real Estate Marketplace,Washington,B,workday:zillow:/job/Remote-USA/Content-Producer--Videographer--and-Editor_P751442-2
Zillow Group,"Director, Engineering",Bengaluru,https://zillow.wd5.myworkdayjobs.com/Zillow_Group_External/job/Bengaluru/Director--Engineering_P751170-1,"listed in ATS, not rechecked",0,2026-10-06,2026-10-09,0,engineering,leadership,workday,Real Estate Marketplace,Washington,B,workday:zillow:/job/Bengaluru/Director--Engineering_P751170-1
Zillow Group,Full Stack Software Development Engineer - Mexico,Mexico City,https://zillow.wd5.myworkdayjobs.com/Zillow_Group_External/job/Mexico-City/Full-Stack-Software-Development-Engineer---Mexico_P751464,"listed in ATS, not rechecked",0,2026-10-06,2026-10-09,0,engineering,eng,workday,Real Estate Marketplace,Washington,B,workday:zillow:/job/Mexico-City/Full-Stack-Software-Development-Engineer---Mexico_P751464
Zillow Group,Principal Full Stack Software Development Engineer - Mexico,Mexico City,https://zillow.wd5.myworkdayjobs.com/Zillow_Group_External/job/Mexico-City/Principal-Full-Stack-Software-Development-Engineer---Mexico_P751467,live,200,2026-10-06,2026-10-09,0,engineering,eng,workday,Real Estate Marketplace,Washington,B,workday:zillow:/job/Mexico-City/Principal-Full-Stack-Software-Development-Engineer---Mexico_P751467
Zillow Group,"Principal Software Development Engineer, iOS",Mexico City,https://zillow.wd5.myworkdayjobs.com/Zillow_Group_External/job/Mexico-City/Principal-Software-Development-Engineer--iOS_P751476,"listed in ATS, not rechecked",0,2026-10-05,2026-10-09,0,engineering,eng,workday,Real Estate Marketplace,Washington,B,workday:zillow:/job/Mexico-City/Principal-Software-Development-Engineer--iOS_P751476
Zillow Group,Senior Analytics Engineer,Bengaluru,https://zillow.wd5.myworkdayjobs.com/Zillow_Group_External/job/Bengaluru/Senior-Analytics-Engineer_P751462-2,live,200,,2026-10-09,0,engineering,eng,workday,Real Estate Marketplace,Washington,B,workday:zillow:/job/Bengaluru/Senior-Analytics-Engineer_P751462-2
Zillow Group,Senior Backend Software Development Engineer - Mexico,Mexico City,https://zillow.wd5.myworkdayjobs.com/Zillow_Group_External/job/Mexico-City/Senior-Backend-Software-Development-Engineer---Mexico_P751469-1,"listed in ATS, not rechecked",0,2026-10-06,2026-10-09,0,engineering,eng,workday,Real Estate Marketplace,Washington,B,workday:zillow:/job/Mexico-City/Senior-Backend-Software-Development-Engineer---Mexico_P751469-1
Zillow Group,"Senior Engineering Manager, Software Engineering",Bengaluru,https://zillow.wd5.myworkdayjobs.com/Zillow_Group_External/job/Bengaluru/Senior-Engineering-Manager--Software-Engineering_P751320-1,live,200,2026-10-06,2026-10-09,0,engineering,eng,workday,Real Estate Marketplace,Washington,B,workday:zillow:/job/Bengaluru/Senior-Engineering-Manager--Software-Engineering_P751320-1
Zillow Group,Senior Full Stack Software Development Engineer - Mexico,Mexico City,https://zillow.wd5.myworkdayjobs.com/Zillow_Group_External/job/Mexico-City/Senior-Full-Stack-Software-Development-Engineer---Mexico_P751466,live,200,2026-10-06,2026-10-09,0,engineering,eng,workday,Real Estate Marketplace,Washington,B,workday:zillow:/job/Mexico-City/Senior-Full-Stack-Software-Development-Engineer---Mexico_P751466
Zillow Group,Senior Marketing Technologist,Mexico City,https://zillow.wd5.myworkdayjobs.com/Zillow_Group_External/job/Mexico-City/Senior-Marketing-Technologist_P751514-2,live,200,2026-10-05,2026-10-09,0,gtm,,workday,Real Estate Marketplace,Washington,B,workday:zillow:/job/Mexico-City/Senior-Marketing-Technologist_P751514-2
Zillow Group,"Senior Marketing Technologist, Customer Data Platform",Bengaluru,https://zillow.wd5.myworkdayjobs.com/Zillow_Group_External/job/Bengaluru/Senior-Marketing-Technologist--Customer-Data-Platform_P751171-1,"listed in ATS, not rechecked",0,2026-10-06,2026-10-09,0,gtm,,workday,Real Estate Marketplace,Washington,B,workday:zillow:/job/Bengaluru/Senior-Marketing-Technologist--Customer-Data-Platform_P751171-1
Zillow Group,Senior Software Development Engineer,Mexico City,https://zillow.wd5.myworkdayjobs.com/Zillow_Group_External/job/Mexico-City/Senior-Software-Development-Engineer_P751150,live,200,2026-10-07,2026-10-09,0,engineering,eng,workday,Real Estate Marketplace,Washington,B,workday:zillow:/job/Mexico-City/Senior-Software-Development-Engineer_P751150
Zillow Group,Senior Software Development Engineer,Mexico City,https://zillow.wd5.myworkdayjobs.com/Zillow_Group_External/job/Mexico-City/Senior-Software-Development-Engineer_P751457,live,200,2026-10-05,2026-10-09,0,engineering,eng,workday,Real Estate Marketplace,Washington,B,workday:zillow:/job/Mexico-City/Senior-Software-Development-Engineer_P751457
Zillow Group,Senior iOS Engineer - Mexico,Mexico City,https://zillow.wd5.myworkdayjobs.com/Zillow_Group_External/job/Mexico-City/Senior-iOS-Engineer---Mexico_P751475,"listed in ATS, not rechecked",0,2026-10-05,2026-10-09,0,engineering,eng,workday,Real Estate Marketplace,Washington,B,workday:zillow:/job/Mexico-City/Senior-iOS-Engineer---Mexico_P751475
Zillow Group,Software Development Engineer,Mexico City,https://zillow.wd5.myworkdayjobs.com/Zillow_Group_External/job/Mexico-City/Software-Development-Engineer_P751322,live,200,2026-10-04,2026-10-09,0,engineering,eng,workday,Real Estate Marketplace,Washington,B,workday:zillow:/job/Mexico-City/Software-Development-Engineer_P751322
Zillow Group,"Software Engineer, iOS - Mexico",Mexico City,https://zillow.wd5.myworkdayjobs.com/Zillow_Group_External/job/Mexico-City/Software-Engineer--iOS---Mexico_P751474,live,200,2026-10-05,2026-10-09,0,engineering,eng,workday,Real Estate Marketplace,Washington,B,workday:zillow:/job/Mexico-City/Software-Engineer--iOS---Mexico_P751474
Zillow Group,"Strategic Account Executive, Agent Software and Advertising",Remote-USA,https://zillow.wd5.myworkdayjobs.com/Zillow_Group_External/job/Remote-USA/Strategic-Account-Executive--Agent-Software-and-Advertising_P751556-2,"listed in ATS, not rechecked",0,,2026-10-09,0,sales,sales,workday,Real Estate Marketplace,Washington,B,workday:zillow:/job/Remote-USA/Strategic-Account-Executive--Agent-Software-and-Advertising_P751556-2
Zillow Group,Video Content Producer,Remote-USA,https://zillow.wd5.myworkdayjobs.com/Zillow_Group_External/job/Remote-USA/Video-Content-Producer_P751441-1,"listed in ATS, not rechecked",0,2026-10-09,2026-10-09,0,gtm,,workday,Real Estate Marketplace,Washington,B,workday:zillow:/job/Remote-USA/Video-Content-Producer_P751441-1
