Start,End,Event,Type,Host,Where,City,State,Format,Access,Time,Link,New this week,First seen,Note,Updated
2026-10-04,2026-10-04,3D Tour Available - 1600 S Indiana Ave #1308,Company event,Zillow Group,Online,,,Online,open,,https://www.zillow.com/homedetails/1600-S-Indiana-Ave-1308-Chicago-IL-60605/89956553_zpid/,yes,2026-10-04,,2026-10-04
2026-10-04,2026-10-04,3D Tour Available - 1656 N Bosworth Ave #Penthouse 4n,Company event,Zillow Group,Online,,,Online,open,,https://www.zillow.com/homedetails/1656-N-Bosworth-Ave-PENTHOUSE-4N-Chicago-IL-60642/465282836_zpid/,yes,2026-10-04,,2026-10-04
2026-10-04,2026-10-04,3D Tour Available - 175 E Delaware Pl APT 6401,Company event,Zillow Group,Online,,,Online,open,,https://www.zillow.com/homedetails/175-E-Delaware-Pl-APT-6401-Chicago-IL-60611/3850248_zpid/,yes,2026-10-04,,2026-10-04
2026-10-04,2026-10-04,3D Tour Available - 23 Ambriance Dr,Company event,Zillow Group,Online,,,Online,open,,https://www.zillow.com/homedetails/23-Ambriance-Dr-Burr-Ridge-IL-60527/3908211_zpid/,yes,2026-10-04,,2026-10-04
2026-10-04,2026-10-04,3D Tour Available - 2730 N Hartland Ct,Company event,Zillow Group,Online,,,Online,open,,https://www.zillow.com/homedetails/2730-N-Hartland-Ct-Chicago-IL-60614/101418529_zpid/,yes,2026-10-04,,2026-10-04
2026-10-04,2026-10-04,3D Tour Available - 30 E Huron St APT 1904,Company event,Zillow Group,Online,,,Online,open,,https://www.zillow.com/homedetails/30-E-Huron-St-APT-1904-Chicago-IL-60611/70468987_zpid/,yes,2026-10-04,,2026-10-04
2026-10-04,2026-10-04,3D Tour Available - 4312 W 109th St,Company event,Zillow Group,Online,,,Online,open,,https://www.zillow.com/homedetails/4312-W-109th-St-Oak-Lawn-IL-60453/4087083_zpid/,yes,2026-10-04,,2026-10-04
2026-10-04,2026-10-04,3D Tour Available - 4415 N Rockwell St APT 1F,Company event,Zillow Group,Online,,,Online,open,,https://www.zillow.com/homedetails/4415-N-Rockwell-St-APT-1F-Chicago-IL-60625/80837142_zpid/,yes,2026-10-04,,2026-10-04
2026-10-04,2026-10-04,3D Tour Available - 6901 W 115th Pl,Company event,Zillow Group,Online,,,Online,open,,https://www.zillow.com/homedetails/6901-W-115th-Pl-Worth-IL-60482/4094123_zpid/,yes,2026-10-04,,2026-10-04
2026-10-04,2026-10-06,A world of industry events,Company event,Yardi Systems,"Santa Barbara, CA",Santa Barbara,CA,In person,open,,https://www.yardi.com/company/industry-events/,yes,2026-10-02,,2026-10-04
2026-10-04,2026-10-04,Open House - 10:00 - 11:30 AM,Company event,Zillow Group,"2207 W Belmont Ave #3, Chicago, IL",Chicago,IL,In person,open,10:00,https://www.zillow.com/homedetails/2207-W-Belmont-Ave-3-Chicago-IL-60618/125794089_zpid/,yes,2026-10-04,,2026-10-04
2026-10-04,2026-10-04,Open House - 10:45 AM - 0:15 PM,Company event,Zillow Group,"2032 N Burling St #3, Chicago, IL",Chicago,IL,In person,open,10:45,https://www.zillow.com/homedetails/2032-N-Burling-St-3-Chicago-IL-60614/65562083_zpid/,yes,2026-10-04,,2026-10-04
2026-10-04,2026-10-04,Open House - 1:00 - 3:00 PM,Company event,Zillow Group,"5812 N Fairfield Ave, Chicago, IL",Chicago,IL,In person,open,13:00,https://www.zillow.com/homedetails/5812-N-Fairfield-Ave-Chicago-IL-60659/3619344_zpid/,,2026-09-29,,2026-10-04
2026-10-04,2026-10-06,VRMA 2026 Nashville,Company event,Guesty,"Nashville, TN",Nashville,TN,In person,open,,https://www.guesty.com/event-lp/vrma-2026-nashville/,,2026-09-29,,2026-10-04
2026-10-05,2026-10-05,How One Agent Is Dominating a Micro-Market With Localized Content,Company event,Placester,"9am PT / 12pm ET, Casey Popkins, learn how Tiffany uses localized content, and, market expertise, to, dominate a micro-market, build trust,",,,In person,open,,https://placester.com/webinars,,2026-09-29,,2026-10-04
2026-10-05,2026-10-05,Nashville After Party: One night in Music City,Company event,Guesty,"Jason Aldean's Kitchen + Bar I Posty's, Know more",,,In person,open,,https://www.guesty.com/event-lp/guesty-nashville-party/,,2026-09-29,,2026-10-04
2026-10-05,2026-10-05,What Should AI Build for Your Real Estate Business?,Company event,Placester,"10am PT / 1pm ET, Casey Popkins, AI for real estate professionals, . See how AI could change the way you build your website, create and refr",,,In person,open,,https://placester.com/webinars,,2026-09-29,,2026-10-04
2026-10-06,2026-10-06,Bisnow Multifamily Annual Conference (BMAC) Northern California,Conference,Bisnow,San Francisco,,,In person,open,9:00 AM PDT,https://www.bisnow.com/events/san-francisco/multifamily/bisnow-multifamily-annual-conference-bmac-northern-california-10149,,2026-09-29,,2026-10-04
2026-10-06,2026-10-08,SECO Conference,Company event,Rent Manager (LCS),"Avalon – Alpharetta, GA",Alpharetta,GA,In person,open,,https://secoconference.com/,,2026-09-29,,2026-10-04
2026-10-06,2026-10-06,The Affordability Advantage: Help Buyers Find Better Deals in Any Market,Company event,Homebot,,,,In person,open,,https://24-7mindset.com/registration-page-homebot-webinar-new,,2026-09-29,,2026-10-04
2026-10-07,2026-10-07,IREM 2026,Company event,ResMan,,,,In person,open,,https://www.myresman.com/events/,,2026-09-29,,2026-10-04
2026-10-07,2026-10-07,Keep Your Scanner. Unlock Your Point Clouds.,Company event,Matterport,,,,In person,open,,https://go.matterport.com/keep-your-scanner-unlock-your-point-clouds,yes,2026-10-02,,2026-10-04
2026-10-07,2026-10-07,New York Multifamily Operations & Development,Conference,Bisnow,New York,,,In person,open,8:00 AM EDT,https://www.bisnow.com/events/new-york/multifamily/new-york-multifamily-operations-development-10186,,2026-09-29,,2026-10-04
2026-10-07,2026-10-07,Webinars,Company event,Envoy,"10:00 am, PT",,,In person,open,,https://envoy.com/events-webinars,,2026-09-29,,2026-10-04
2026-10-08,2026-10-09,2026 PMAMM GLAStar ​,Company event,ResMan,,,,In person,open,,https://www.myresman.com/events/,,2026-09-29,,2026-10-04
2026-10-08,2026-10-12,Multifamily Immersion Summit,Company event,ResMan,,,,In person,open,,https://iremboston.starchapter.com/meetinginfo.php?id=310&ts=1785423432,,2026-09-29,,2026-10-04
2026-10-08,2026-10-08,Upcoming Webinars,Company event,CertifID,12:00 PM ET,,,In person,open,,https://www.certifid.com/resources/webinars,,2026-09-29,,2026-10-04
2026-10-08,2026-10-09,VRWS – Vacation Rental World Summit,Company event,Guesty,"Lyon, France, Know more, In-Person",,,In person,open,,https://www.guesty.com/event-lp/vrws-vacation-rental-world-summit-2026/,,2026-09-29,,2026-10-04
2026-10-08,2026-10-08,What's Next for CertifID,Company event,CertifID,12:00 PM ET,,,In person,open,,https://www.certifid.com/webinar/whats-next-for-certifid,,2026-09-29,,2026-10-04
2026-10-09,2026-10-09,RHA Maintenance Mania,Company event,ResMan,,,,In person,open,,https://www.myresman.com/events/,,2026-09-29,,2026-10-04
2026-10-10,2026-10-10,Open House - 11:00 AM - 1:00 PM,Company event,Zillow Group,"3414 N Sheffield Ave APT 4, Chicago, IL",Chicago,IL,In person,open,11:00,https://www.zillow.com/homedetails/3414-N-Sheffield-Ave-APT-4-Chicago-IL-60657/87720613_zpid/,yes,2026-10-04,,2026-10-04
2026-10-11,2026-10-14,MBA Annual26,Company event,Blend Labs,Meet with us,,,In person,open,,https://blend.com/events/,,2026-09-29,,2026-10-04
2026-10-12,2026-10-12,"Building trust, one event at a time",Company event,Notarize (Proof),"Money 20/20, The Venetian • Las Vegas • Booth #5069",,,In person,open,,https://www.proof.com/events,,2026-09-29,,2026-10-04
2026-10-13,2026-10-15,2026 NARPM ® Annual Convention and Expo,Conference,NARPM,"Mandalay Bay Resort & Casino, Las Vegas, NV",Las Vegas,NV,In person,open,,https://www.narpmconvention.com/,,2026-09-29,,2026-10-04
2026-10-14,2026-10-16,Events,Company event,MRI Software,"Disney’s Coronado Springs Resort, Lake Buena Vista, FL",Lake Buena Vista,FL,In person,open,,https://www.mrisoftware.com/events/,,2026-09-29,,2026-10-04
2026-10-14,2026-10-14,Houston Bisnow Multifamily Annual Conference (BMAC),Conference,Bisnow,Houston,,,In person,open,8:00 AM CDT,https://www.bisnow.com/events/houston/multifamily/houston-bisnow-multifamily-annual-conference-bmac-10118,,2026-09-29,,2026-10-04
2026-10-14,2026-10-16,TTG Travel Experience,Company event,Guesty,"Rimini, Italy, Know more, In-Person",,,In person,open,,https://www.guesty.com/event-lp/ttg-travel-experience/,,2026-09-29,,2026-10-04
2026-10-14,2026-10-14,To Catch a Fraudster: The scam after the scam,Company event,CertifID,11:00 AM ET,,,In person,open,,https://www.certifid.com/webinar/to-catch-a-fraudster-the-scam-after-the-scam,,2026-09-29,,2026-10-04
2026-10-14,2026-10-14,What's Next for CertifID,Company event,CertifID,11:00 AM ET,,,In person,open,,https://www.certifid.com/to-catch-a-fraudster,,2026-09-29,,2026-10-04
2026-10-15,2026-10-17,Florida Apartment Association (FAA) 2026,Company event,MRI Software,"Colorado Convention Center, Denver, CO",Denver,CO,In person,open,,https://www.faahq.org/future-conferences,,2026-09-29,,2026-10-04
2026-10-15,2026-10-16,IAA Midwest Multifamily Conference,Company event,ResMan,,,,In person,open,,https://www.myresman.com/events/,,2026-09-29,,2026-10-04
2026-10-15,2026-10-16,NRHC – Georgia Annual Conference,Conference,NRHC,"Atlanta, GA",Atlanta,GA,In person,open,,https://rentalhomecouncil.org/georgia-annual-conference-2026/,,2026-09-29,,2026-10-04
2026-10-15,2026-10-15,Salt Lake City Multifamily Conference,Conference,Bisnow,Salt Lake City,,,In person,open,8:00 AM MDT,https://www.bisnow.com/events/salt-lake-city/multifamily/salt-lake-city-multifamily-conference-9815,,2026-09-29,,2026-10-04
2026-10-15,2026-10-15,Vitur Forum,Company event,Guesty,"Madrid, Spain, Know more, In-Person",,,In person,open,,https://www.guesty.com/event-lp/vitur-forum/,,2026-09-29,,2026-10-04
2026-10-16,2026-10-16,Future-Proofing Physical Security and Access Control,Company event,Envoy,"10:00 am, PT",,,In person,open,,https://envoy.com/webinars/futureproofing-security-lee-odess,,2026-09-29,,2026-10-04
2026-10-18,2026-10-18,"Building trust, one event at a time",Company event,Notarize (Proof),"HR Tech, Mandalay Bay • Las Vegas • Booth #7917",,,In person,open,,https://www.proof.com/events,yes,2026-10-02,,2026-10-04
2026-10-18,2026-10-21,NAHRO 2026 National Conference & Exhibition,Company event,MRI Software,TBC,,,In person,open,,https://www.nahro.org/events/future-conferences/,,2026-09-29,,2026-10-04
2026-10-18,2026-10-20,TMHA Annual Convention,Company event,Rent Manager (LCS),"Marble Falls, TX",Marble Falls,TX,In person,open,,https://www.rentmanager.com/events/,,2026-09-29,,2026-10-04
2026-10-19,2026-10-21,2026 NMHC Student Housing Conference,Conference,NMHC,"Grand Hyatt Scottsdale Resort, Scottsdale, AZ",Scottsdale,AZ,In person,open,,https://www.nmhc.org/meetings/calendar/shc/2026-nmhc-student-housing-conference/,,2026-09-29,,2026-10-04
2026-10-19,2026-10-22,2026 Rent Manager User Conference (RMUC.26),Company event,Rent Manager (LCS),"San Antonio, TX",San Antonio,TX,In person,open,,https://conference.rentmanager.com/,,2026-09-29,,2026-10-04
2026-10-19,2026-10-21,Florida CARH,Company event,ResMan,,,,In person,open,,https://www.myresman.com/events/,,2026-09-29,,2026-10-04
2026-10-19,2026-10-23,North America Ascend 2026,Company event,MRI Software,"New York, NY",New York,NY,In person,open,,https://mriusersconference.com/,,2026-09-29,,2026-10-04
2026-10-20,2026-10-21,Greenbuild 2026,Company event,MRI Software,"New York City, New York - Javits Center",New York City,NY,In person,open,,https://www.usgbc.org/greenbuild,,2026-09-29,,2026-10-04
2026-10-20,2026-10-20,The Deal Isn't Dead: 5 Financing Plays for a High-Rate Market,Company event,Homebot,,,,In person,open,,https://homebot.ai/webinars/the-deal-isnt-dead-5-financing-plays,,2026-09-29,,2026-10-04
2026-10-20,2026-10-21,VRM Days,Company event,Guesty,"Split, Croatia, Know more, In-Person",,,In person,open,,https://www.guesty.com/event-lp/vrm-days-croatia-2026/,,2026-09-29,,2026-10-04
2026-10-21,2026-10-23,ASTRA Here to Stay Conference,Company event,Guesty,"Gold Coast, Australia, Know more, In-Person",,,In person,open,,https://www.guesty.com/event-lp/astra-here-to-stay-conference/,,2026-09-29,,2026-10-04
2026-10-21,2026-10-21,Shop Talk 87: Beyond the Scan: Getting More from Matterport,Company event,Matterport,,,,In person,open,,https://go.matterport.com/shop-talk-87,yes,2026-10-02,,2026-10-04
2026-10-21,2026-10-22,Upcoming Events,Company event,Matterport,,,,In person,open,,https://matterport.com/events-webinars,yes,2026-10-02,,2026-10-04
2026-10-22,2026-10-22,Greater Baltimore Multifamily and Affordable Housing Summit,Conference,Bisnow,Baltimore,,,In person,open,8:00 AM EDT,https://www.bisnow.com/events/baltimore/multifamily/greater-baltimore-multifamily-and-affordable-housing-summit-9752,,2026-09-29,,2026-10-04
2026-10-22,2026-10-22,Inside FUTU*RE* 2026: A Recap of the Ideas Shaping Real Estate,Company event,AppFolio,Virtual,,,Online,open,00:00,https://www.appfolio.com/resources/events,yes,2026-10-02,,2026-10-04
2026-10-23,2026-10-23,Condominio Experience 2026,Company event,Guesty,"Rome, Italy, Know more, In-Person",,,In person,open,,https://www.guesty.com/event-lp/condominio-experience-2026/,,2026-09-29,,2026-10-04
2026-10-23,2026-10-23,Emergencies in the office: How to fortify your workplace,Company event,Envoy,"10:00 am, PT",,,In person,open,,https://envoy.com/webinars/emergencies-in-the-office,,2026-09-29,,2026-10-04
2026-10-24,2026-10-25,Scale Fest,Company event,Guesty,"World Trade Center, Barcelona, Know more, In-Person",,,In person,open,,https://www.guesty.com/event-lp/meet-guesty-at-scale-fest-2026-barcelona/,,2026-09-29,,2026-10-04
2026-10-26,2026-10-29,Western Manufactured Housing Communities Association (WMA) Convention & Expo,Company event,Rent Manager (LCS),"Henderson, NV",Henderson,NV,In person,open,,https://www.wma.org/post/save-date-2026-wma-convention-expo,,2026-09-29,,2026-10-04
2026-10-28,2026-10-28,Bisnow Multifamily Annual Conference Phoenix (BMAC),Conference,Bisnow,Phoenix,,,In person,open,8:00 AM MST,https://www.bisnow.com/events/phoenix/multifamily/bisnow-multifamily-annual-conference-phoenix-bmac-9819,,2026-09-29,,2026-10-04
2026-10-30,2026-10-30,Field-tested tips for visitor management operations in high-risk environments,Company event,Envoy,"10:00 am, PT",,,In person,open,,https://envoy.com/webinars/visitor-management-operations-high-risk-environments,,2026-09-29,,2026-10-04
2026-11-03,2026-11-06,Lending Council Conference 2026,Company event,Blend Labs,,,,In person,open,,https://blend.com/events/,,2026-09-29,,2026-10-04
2026-11-04,2026-11-06,MHI National Communities Council Fall Leadership Forum,Company event,Rent Manager (LCS),"Chicago, IL",Chicago,IL,In person,open,,https://www.manufacturedhousing.org/events-landing/ncc-meeting/,,2026-09-29,,2026-10-04
2026-11-04,2026-11-05,"NRHC Connect: Industry, Operations & Technology",Conference,NRHC,"Dallas, TX",Dallas,TX,In person,open,,https://rentalhomecouncil.org/rental-housing-conference/,,2026-09-29,,2026-10-04
2026-11-04,2026-11-04,See compliance and security in action at ISC East,Company event,Envoy,NYC,,,In person,open,,https://envoy.com/events/isc-east,,2026-09-29,,2026-10-04
2026-11-04,2026-11-04,Upcoming live events,Company event,Envoy,NYC,,,In person,open,,https://envoy.com/events-webinars,yes,2026-10-02,,2026-10-04
2026-11-05,2026-11-05,Bisnow Multifamily Annual Conference Denver (BMAC),Conference,Bisnow,Denver,,,In person,open,8:00 AM MST,https://www.bisnow.com/events/denver/multifamily/bisnow-multifamily-annual-conference-denver-bmac-9818,,2026-09-29,,2026-10-04
2026-11-07,2026-11-08,Domizil! HUSUM,Company event,Guesty,"Husum, Germany, Know more, In-Person",,,In person,open,,https://www.guesty.com/event-lp/domizil-husum/,,2026-09-29,,2026-10-04
2026-11-10,2026-11-10,Bisnow Multifamily Annual Conference (BMAC) Pacific Northwest,Conference,Bisnow,Seattle,,,In person,open,8:00 AM PST,https://www.bisnow.com/events/seattle/multifamily/bisnow-multifamily-annual-conference-bmac-pacific-northwest-9985,,2026-09-29,,2026-10-04
2026-11-10,2026-11-12,CasaCon,Company event,Guesty,"New Orleans, LA",New Orleans,LA,In person,open,,https://www.guesty.com/event-lp/casacon/,,2026-09-29,,2026-10-04
2026-11-12,2026-11-14,ExpoRV Pacific Summit,Company event,Guesty,"Puerto Vallarta, MX, Know more, In-Person",,,In person,open,,https://www.guesty.com/event-lp/exporv-pacific-summit/,,2026-09-29,,2026-10-04
2026-11-12,2026-11-12,"New Jersey Multifamily Development, Design & Operations Conference",Conference,Bisnow,New Jersey,,,In person,open,8:00 AM EST,https://www.bisnow.com/events/new-jersey/multifamily/new-jersey-development-design-operations-conference-10287,,2026-09-29,,2026-10-04
2026-11-16,2026-11-18,CoreNet Global 2026,Company event,MRI Software,"Las Vegas, NV - MGM Grand Hotel & Casino",Las Vegas,NV,In person,open,,https://www.corenetglobal.org/attend-summits-events/corenet-global-summits-conferences-and-events,,2026-09-29,,2026-10-04
2026-11-16,2026-11-18,OPTECH 2026,Conference,NMHC,"MGM Grand Hotel & Casino, Las Vegas, NV",Las Vegas,NV,In person,members only,,https://rettc.org/events/optech-2026,,2026-09-29,,2026-10-04
2026-11-17,2026-11-17,South Florida Multifamily Summit,Conference,Bisnow,South Florida,,,In person,open,8:00 AM EST,https://www.bisnow.com/events/south-florida/multifamily/south-florida-multifamily-summit-9661,,2026-09-29,,2026-10-04
2026-11-17,2026-11-18,Vivere di Turismo Festival,Company event,Guesty,"Rimini, Italy, Know more, In-Person",,,In person,open,,https://www.guesty.com/event-lp/vivere-di-turismo-festival/,,2026-09-29,,2026-10-04
2026-11-18,2026-11-20,AHF Live 2026,Company event,MRI Software,"Anaheim Convention Center, Anaheim, CA",Anaheim,CA,In person,open,,http://www.mpnahro.org/events-and-training.html,,2026-09-29,,2026-10-04
2026-11-18,2026-11-18,Chicago Property Management & Operations Summit,Conference,Bisnow,Chicago,,,In person,open,8:00 AM CST,https://www.bisnow.com/events/chicago/property-management/chicago-property-management-operations-summit-9723,,2026-09-29,,2026-10-04
2026-11-18,2026-11-18,See compliance and security in action at ISC East,Company event,Envoy,"Anaheim, CA",Anaheim,CA,In person,open,,https://envoy.com/events-webinars,,2026-09-29,,2026-10-04
2026-11-18,2026-11-19,Southern California Multifamily Annual Conference,Conference,Bisnow,Los Angeles,,,In person,open,,https://www.bisnow.com/events/los-angeles/multifamily/southern-california-multifamily-annual-conference-9956,,2026-09-29,,2026-10-04
2026-11-18,2026-11-18,Workplace operations start with visibility,Company event,Envoy,"Anaheim, CA",Anaheim,CA,In person,open,,https://envoy.com/events/ifma-world-workplace,,2026-09-29,,2026-10-04
2026-11-19,2026-11-19,Multifamily Southeast Conference,Conference,Bisnow,Atlanta,,,In person,open,8:00 AM EST,https://www.bisnow.com/events/atlanta/multifamily/multifamily-southeast-9624,,2026-09-29,,2026-10-04
2026-11-20,2026-11-22,SuperStay LIVE,Company event,Guesty,"Augsburg, Germany, Know more, In-Person",,,In person,open,,https://www.guesty.com/event-lp/superstay-live-2026/,,2026-09-29,,2026-10-04
2026-11-25,2026-11-26,Scale France,Company event,Guesty,"Paris, France, Know more, In-Person",,,In person,open,,https://www.guesty.com/event-lp/scale-france/,,2026-09-29,,2026-10-04
2026-12-01,2026-12-02,IFMA World Workplace 2026,Company event,MRI Software,"Columbus, OH",Columbus,OH,In person,open,,https://facilityfusion.ifma.org/,,2026-09-29,,2026-10-04
2026-12-02,2026-12-02,Bisnow Multifamily Annual Conference (BMAC) Triangle,Conference,Bisnow,Raleigh/Durham,,,In person,open,8:00 AM EST,https://www.bisnow.com/events/raleigh-durham/multifamily/triangle-bmac-multifamily-10059,,2026-09-29,,2026-10-04
2026-12-03,2026-12-03,Sacramento Multifamily & Affordable Housing Conference,Conference,Bisnow,Sacramento,,,In person,open,8:00 AM PST,https://www.bisnow.com/events/sacramento/multifamily/multifamily-affordable-housing-10152,,2026-09-29,,2026-10-04
2026-12-04,2026-12-04,The new model for modern access control systems,Company event,Envoy,"10:00 am, PT",,,In person,open,,https://envoy.com/webinars/new-model-for-physical-security,,2026-09-29,,2026-10-04
2026-12-07,2026-12-09,DARM Conference,Company event,Guesty,"Atlanta, GA",Atlanta,GA,In person,open,,https://www.guesty.com/event-lp/darm-conference-2026/,,2026-09-29,,2026-10-04
2026-12-07,2026-12-07,Dinner In The Desert,Conference,NRHC,"Scottsdale, AZ",Scottsdale,AZ,In person,open,,https://rentalhomecouncil.org/dinner-in-the-desert-2026/,,2026-09-29,,2026-10-04
2026-12-07,2026-12-09,IMN Single Family Rental West,Conference,IMN,"Fairmont Scottsdale Princess, Scottsdale, AZ",Scottsdale,AZ,In person,open,,https://informaconnect.com/imn-sfr-west/,,2026-09-29,,2026-10-04
2026-12-10,2026-12-10,Bisnow Multifamily Annual Conference East (BMAC),Conference,Bisnow,"Washington, D.C.",Washington,DC,In person,open,8:00 AM EST,https://www.bisnow.com/events/washington-dc/multifamily/bisnow-multifamily-annual-conference-east-bmac-9776,,2026-09-29,,2026-10-04
2026-12-10,2026-12-10,Greater Boston Residential Summit,Conference,Bisnow,Boston,,,In person,open,8:30 AM EST,https://www.bisnow.com/events/boston/multifamily/greater-boston-residential-rental-condos-single-family-housing-10013,,2026-09-29,,2026-10-04
2027-01-21,2027-01-21,From approvals to audit: Operationalizing visitor security,Company event,Envoy,"10:00 am, PT",,,In person,open,,https://envoy.com/webinars/approvals-to-audit-operationalizing-visitor-security,,2026-09-29,,2026-10-04
2027-01-25,2027-01-25,2027 NMHC Women's Event,Conference,NMHC,,,,In person,members only,,https://www.nmhc.org/meetings/calendar/annual-meeting/2027-nmhc-womens-event/,,2026-09-29,,2026-10-04
2027-01-26,2027-01-28,2027 NMHC Annual Meeting,Conference,NMHC,,,,In person,members only,,https://www.nmhc.org/meetings/calendar/annual-meeting/2027-nmhc-annual-meeting/,,2026-09-29,,2026-10-04
2027-01-26,2027-01-26,2027 NMHC Apartment Strategies Conference,Conference,NMHC,"ARIA Resort & Casino, Las Vegas, NV",Las Vegas,NV,In person,open,,https://www.nmhc.org/meetings/calendar/asc/2027-nmhc-apartment-strategies-outlook-conference/,,2026-09-29,,2026-10-04
2027-02-05,2027-02-05,Workplace strategy analytics: Turning data into action,Company event,Envoy,"10:00 am, PT",,,In person,open,,https://envoy.com/webinars/workplace-strategy-with-actionable-analytics,,2026-09-29,,2026-10-04
2027-02-10,2027-02-11,5th Annual North Carolina Property Management Conference: The Business Behind the Doors,Conference,NARPM,"Sheraton Imperial RTP, Durham, NC",Durham,NC,In person,open,,https://www.ncnarpmconference.com/,,2026-09-29,,2026-10-04
2027-02-16,2027-02-18,2027 NARPM ® Capitol Summit,Conference,NARPM,The Royal Sonesta Washington DC Capitol Hill,The Royal Sonesta Washington,DC,In person,open,,https://www.narpm.org/legislative/narpm-capitol-summit/,yes,2026-10-02,,2026-10-04
2027-02-19,2027-02-20,Charleston Oyster Roast and One Day Conference,Conference,NARPM,"Charleston, SC",Charleston,SC,In person,open,,https://charlestonoysterroast.com/,,2026-09-29,,2026-10-04
2027-02-25,2027-02-25,"People, access, and emergencies: How security leaders are closing the gaps between systems",Company event,Envoy,"10:00 am, PT",,,In person,open,,https://envoy.com/webinars/people-access-and-emergencies-how-security-leaders-are-closing-the-gaps-between-systems,,2026-09-29,,2026-10-04
2027-03-03,2027-03-05,Women’s Real Estate Investment Summit,Company event,Rent Manager (LCS),"Dania Beach, FL",Dania Beach,FL,In person,open,,https://thewomeninvestmentsummit.com/,,2026-09-29,,2026-10-04
2027-03-12,2027-03-12,Envoy workplace analytics dashboard demo,Company event,Envoy,"10:00 am, PT",,,In person,open,,https://envoy.com/webinars/data-in-action,,2026-09-29,,2026-10-04
2027-03-15,2027-03-17,CALNARPM Conference & Trade Show,Company event,Rent Manager (LCS),"Napa, CA",Napa,CA,In person,open,,https://narpmcalifornia.org/,,2026-09-29,,2026-10-04
2027-03-15,2027-03-16,IMN Build-to-Rent Spring,Conference,IMN,"Grand Hyatt Nashville, Nashville, TN",Nashville,TN,In person,open,,https://informaconnect.com/imn-btr-spring/,,2026-09-29,,2026-10-04
2027-03-24,2027-03-24,Greater Cincinnati Northern Kentucky Apartment Association (GCKNAA) Trade Show,Company event,Rent Manager (LCS),"Cincinnati, OH",Cincinnati,OH,In person,open,,https://www.gcnkaa.org/events/2026-trade-show,,2026-09-29,,2026-10-04
TBA,,IMN Build-to-Rent Fall,Conference,IMN,,,,In person,open,,https://informaconnect.com/imn-btr-fall/,,,,2026-10-04
TBA,,IMN SFR/BTR Property Management & Operations,Conference,IMN,,,,In person,open,,https://informaconnect.com/imn-sfr-pm/,,,,2026-10-04
