start,end,title,organizer,company,kind,location,city,state,format,access,time,url,source,topic,first_seen,method,note
2026-10-02,2026-10-02,3D Tour Available - 10756 W Citrus Grove Way,Zillow Group,Zillow Group,company_hosted,Online,,,Online,open,,https://www.zillow.com/homedetails/10756-W-Citrus-Grv-Avondale-AZ-85392/7486839_zpid/,company,,2026-10-02,json-ld,
2026-10-02,2026-10-02,3D Tour Available - 12103 S TOMI Drive,Zillow Group,Zillow Group,company_hosted,Online,,,Online,open,,https://www.zillow.com/homedetails/12103-S-Tomi-Dr-Phoenix-AZ-85044/67086305_zpid/,company,,2026-10-02,json-ld,
2026-10-02,2026-10-02,3D Tour Available - 20226 N 32ND Lane,Zillow Group,Zillow Group,company_hosted,Online,,,Online,open,,https://www.zillow.com/homedetails/20226-N-32nd-Ln-Phoenix-AZ-85027/7934303_zpid/,company,,2026-10-02,json-ld,
2026-10-02,2026-10-02,3D Tour Available - 3349 N 62nd Street,Zillow Group,Zillow Group,company_hosted,Online,,,Online,open,,https://www.zillow.com/homedetails/3349-N-62nd-St-Scottsdale-AZ-85251/463791214_zpid/,company,,2026-10-02,json-ld,
2026-10-02,2026-10-02,3D Tour Available - 40525 N TERRITORY Trail,Zillow Group,Zillow Group,company_hosted,Online,,,Online,open,,https://www.zillow.com/homedetails/40525-N-Territory-Trl-Phoenix-AZ-85086/50184036_zpid/,company,,2026-10-02,json-ld,
2026-10-02,2026-10-02,3D Tour Available - 4145 E GLENROSA Avenue,Zillow Group,Zillow Group,company_hosted,Online,,,Online,open,,https://www.zillow.com/homedetails/4145-E-Glenrosa-Ave-Phoenix-AZ-85018/7836122_zpid/,company,,2026-10-02,json-ld,
2026-10-02,2026-10-02,3D Tour Available - 42139 N MOUNTAIN COVE Drive,Zillow Group,Zillow Group,company_hosted,Online,,,Online,open,,https://www.zillow.com/homedetails/42139-N-Mountain-Cove-Dr-Phoenix-AZ-85086/71620997_zpid/,company,,2026-10-02,json-ld,
2026-10-02,2026-10-02,3D Tour Available - 4650 N 103RD Avenue,Zillow Group,Zillow Group,company_hosted,Online,,,Online,open,,https://www.zillow.com/homedetails/4650-N-103rd-Ave-Phoenix-AZ-85037/7466018_zpid/,company,,2026-10-02,json-ld,
2026-10-02,2026-10-02,3D Tour Available - 5706 W T RYAN Lane,Zillow Group,Zillow Group,company_hosted,Online,,,Online,open,,https://www.zillow.com/homedetails/5706-W-T-Ryan-Ln-Laveen-AZ-85339/60975845_zpid/,company,,2026-10-02,json-ld,
2026-10-02,2026-10-02,3D Tour Available - 6227 E EVANS Drive,Zillow Group,Zillow Group,company_hosted,Online,,,Online,open,,https://www.zillow.com/homedetails/6227-E-Evans-Dr-Scottsdale-AZ-85254/8026032_zpid/,company,,2026-10-02,json-ld,
2026-10-02,2026-10-02,3D Tour Available - 6538 W SUNNYSIDE Drive,Zillow Group,Zillow Group,company_hosted,Online,,,Online,open,,https://www.zillow.com/homedetails/6538-W-Sunnyside-Dr-Glendale-AZ-85304/7699249_zpid/,company,,2026-10-02,json-ld,
2026-10-02,2026-10-02,3D Tour Available - 717 E TUCKEY Lane,Zillow Group,Zillow Group,company_hosted,Online,,,Online,open,,https://www.zillow.com/homedetails/717-E-Tuckey-Ln-Phoenix-AZ-85014/7796463_zpid/,company,,2026-10-02,json-ld,
2026-10-02,2026-10-02,3D Tour Available - 806 W DESERT RANCH Road,Zillow Group,Zillow Group,company_hosted,Online,,,Online,open,,https://www.zillow.com/homedetails/806-W-Desert-Ranch-Rd-Anthem-AZ-85086/157726924_zpid/,company,,2026-10-02,json-ld,
2026-10-02,2026-10-02,Open House - 11:00 AM - 2:00 PM,Zillow Group,Zillow Group,company_hosted,"21742 N 59th Street, Phoenix, AZ",Phoenix,AZ,In person,open,11:00,https://www.zillow.com/homedetails/21742-N-59th-St-Phoenix-AZ-85054/337525543_zpid/,company,,2026-10-02,json-ld,
2026-10-03,2026-10-03,Open House - 11:00 AM - 2:00 PM,Zillow Group,Zillow Group,company_hosted,"2107 W Minnezona Avenue, Phoenix, AZ",Phoenix,AZ,In person,open,11:00,https://www.zillow.com/homedetails/2107-W-Minnezona-Ave-Phoenix-AZ-85015/7767264_zpid/,company,,2026-10-02,json-ld,
2026-10-04,2026-10-06,A world of industry events,Yardi Systems,Yardi Systems,company_hosted,"Santa Barbara, CA",Santa Barbara,CA,In person,open,,https://www.yardi.com/company/industry-events/,company,,2026-10-02,page text,
2026-10-04,2026-10-04,Open House - 0:00 - 3:00 PM,Zillow Group,Zillow Group,company_hosted,"7021 W MCRAE Way, Glendale, AZ",Glendale,AZ,In person,open,12:00,https://www.zillow.com/homedetails/7021-W-McRae-Way-Glendale-AZ-85308/7891611_zpid/,company,,2026-10-02,json-ld,
2026-10-04,2026-10-06,VRMA 2026 Nashville,Guesty,Guesty,company_hosted,"Nashville, TN",Nashville,TN,In person,open,,https://www.guesty.com/event-lp/vrma-2026-nashville/,company,,2026-09-29,page text,
2026-10-05,2026-10-05,How One Agent Is Dominating a Micro-Market With Localized Content,Placester,Placester,company_hosted,"9am PT / 12pm ET, Casey Popkins, learn how Tiffany uses localized content, and, market expertise, to, dominate a micro-market, build trust,",,,In person,open,,https://placester.com/webinars,company,,2026-09-29,page text,
2026-10-05,2026-10-05,Nashville After Party: One night in Music City,Guesty,Guesty,company_hosted,"Jason Aldean's Kitchen + Bar I Posty's, Know more, In-Person",,,In person,open,,https://www.guesty.com/event-lp/guesty-nashville-party/,company,,2026-09-29,page text,
2026-10-05,2026-10-05,What Should AI Build for Your Real Estate Business?,Placester,Placester,company_hosted,"10am PT / 1pm ET, Casey Popkins, AI for real estate professionals, . See how AI could change the way you build your website, create and refr",,,In person,open,,https://placester.com/webinars,company,,2026-09-29,page text,
2026-10-06,2026-10-06,Bisnow Multifamily Annual Conference (BMAC) Northern California,Bisnow,,conference,San Francisco,,,In person,open,9:00 AM PDT,https://www.bisnow.com/events/san-francisco/multifamily/bisnow-multifamily-annual-conference-bmac-northern-california-10149,bisnow,Multifamily,2026-09-29,page,
2026-10-06,2026-10-08,SECO Conference,Rent Manager (LCS),Rent Manager (LCS),company_hosted,"Avalon – Alpharetta, GA",Alpharetta,GA,In person,open,,https://secoconference.com/,company,,2026-09-29,page text,
2026-10-06,2026-10-06,The Affordability Advantage: Help Buyers Find Better Deals in Any Market,Homebot,Homebot,company_hosted,,,,In person,open,,https://24-7mindset.com/registration-page-homebot-webinar-new,company,,2026-09-29,page text,
2026-10-07,2026-10-07,IREM 2026,ResMan,ResMan,company_hosted,,,,In person,open,,https://www.myresman.com/events/,company,,2026-09-29,page text,
2026-10-07,2026-10-07,Keep Your Scanner. Unlock Your Point Clouds.,Matterport,Matterport,company_hosted,,,,In person,open,,https://go.matterport.com/keep-your-scanner-unlock-your-point-clouds,company,,2026-10-02,page text,
2026-10-07,2026-10-07,New York Multifamily Operations & Development,Bisnow,,conference,New York,,,In person,open,8:00 AM EDT,https://www.bisnow.com/events/new-york/multifamily/new-york-multifamily-operations-development-10186,bisnow,Multifamily,2026-09-29,page,
2026-10-07,2026-10-07,Webinars,Envoy,Envoy,company_hosted,"10:00 am, PT",,,In person,open,,https://envoy.com/events-webinars,company,,2026-09-29,page text,
2026-10-08,2026-10-09,2026 PMAMM GLAStar ​,ResMan,ResMan,company_hosted,,,,In person,open,,https://www.myresman.com/events/,company,,2026-09-29,page text,
2026-10-08,2026-10-12,Multifamily Immersion Summit,ResMan,ResMan,company_hosted,,,,In person,open,,https://iremboston.starchapter.com/meetinginfo.php?id=310&ts=1785423432,company,,2026-09-29,page text,
2026-10-08,2026-10-08,Upcoming Webinars,CertifID,CertifID,company_hosted,12:00 PM ET,,,In person,open,,https://www.certifid.com/resources/webinars,company,,2026-09-29,page text,
2026-10-08,2026-10-09,VRWS – Vacation Rental World Summit,Guesty,Guesty,company_hosted,"Lyon, France, Know more, In-Person",,,In person,open,,https://www.guesty.com/event-lp/vrws-vacation-rental-world-summit-2026/,company,,2026-09-29,page text,
2026-10-08,2026-10-08,What's Next for CertifID,CertifID,CertifID,company_hosted,12:00 PM ET,,,In person,open,,https://www.certifid.com/webinar/whats-next-for-certifid,company,,2026-09-29,page text,
2026-10-09,2026-10-09,RHA Maintenance Mania,ResMan,ResMan,company_hosted,,,,In person,open,,https://www.myresman.com/events/,company,,2026-09-29,page text,
2026-10-10,2026-10-10,Open House - 10:00 AM - 1:00 PM,Zillow Group,Zillow Group,company_hosted,"3823 N 28th Street, Phoenix, AZ",Phoenix,AZ,In person,open,10:00,https://www.zillow.com/homedetails/3823-N-28th-St-Phoenix-AZ-85016/7537644_zpid/,company,,2026-10-02,json-ld,
2026-10-11,2026-10-14,MBA Annual26,Blend Labs,Blend Labs,company_hosted,Meet with us,,,In person,open,,https://blend.com/events/,company,,2026-09-29,page text,
2026-10-12,2026-10-12,"Building trust, one event at a time",Notarize (Proof),Notarize (Proof),company_hosted,"Money 20/20, The Venetian • Las Vegas • Booth #5069",,,In person,open,,https://www.proof.com/events,company,,2026-09-29,page text,
2026-10-13,2026-10-15,2026 NARPM ® Annual Convention and Expo,NARPM,,conference,"Mandalay Bay Resort & Casino, Las Vegas, NV",Las Vegas,NV,In person,open,,https://www.narpmconvention.com/,narpm,,2026-09-29,page,
2026-10-13,2026-10-15,National Association of Residential Property Managers (NARPM) Annual Convention & Trade Show,Rent Manager (LCS),Rent Manager (LCS),company_attending,"Las Vegas, NV",Las Vegas,NV,In person,open,,https://www.narpmconvention.com,company,,2026-09-29,page text,
2026-10-14,2026-10-16,Events,MRI Software,MRI Software,company_hosted,"Disney’s Coronado Springs Resort, Lake Buena Vista, FL",Lake Buena Vista,FL,In person,open,,https://www.mrisoftware.com/events/,company,,2026-09-29,page text,
2026-10-14,2026-10-14,Houston Bisnow Multifamily Annual Conference (BMAC),Bisnow,,conference,Houston,,,In person,open,8:00 AM CDT,https://www.bisnow.com/events/houston/multifamily/houston-bisnow-multifamily-annual-conference-bmac-10118,bisnow,Multifamily,2026-09-29,page,
2026-10-14,2026-10-16,TTG Travel Experience,Guesty,Guesty,company_hosted,"Rimini, Italy, Know more, In-Person",,,In person,open,,https://www.guesty.com/event-lp/ttg-travel-experience/,company,,2026-09-29,page text,
2026-10-14,2026-10-14,To Catch a Fraudster: The scam after the scam,CertifID,CertifID,company_hosted,11:00 AM ET,,,In person,open,,https://www.certifid.com/webinar/to-catch-a-fraudster-the-scam-after-the-scam,company,,2026-09-29,page text,
2026-10-14,2026-10-14,What's Next for CertifID,CertifID,CertifID,company_hosted,11:00 AM ET,,,In person,open,,https://www.certifid.com/to-catch-a-fraudster,company,,2026-09-29,page text,
2026-10-15,2026-10-17,Florida Apartment Association (FAA) 2026,MRI Software,MRI Software,company_hosted,"Colorado Convention Center, Denver, CO",Denver,CO,In person,open,,https://www.faahq.org/future-conferences,company,,2026-09-29,page text,
2026-10-15,2026-10-16,IAA Midwest Multifamily Conference,ResMan,ResMan,company_hosted,,,,In person,open,,https://www.myresman.com/events/,company,,2026-09-29,page text,
2026-10-15,2026-10-16,NRHC – Georgia Annual Conference,NRHC,,conference,"Atlanta, GA",Atlanta,GA,In person,open,,https://rentalhomecouncil.org/georgia-annual-conference-2026/,nrhc,,2026-09-29,page,
2026-10-15,2026-10-15,Salt Lake City Multifamily Conference,Bisnow,,conference,Salt Lake City,,,In person,open,8:00 AM MDT,https://www.bisnow.com/events/salt-lake-city/multifamily/salt-lake-city-multifamily-conference-9815,bisnow,Multifamily,2026-09-29,page,
2026-10-15,2026-10-15,Vitur Forum,Guesty,Guesty,company_hosted,"Madrid, Spain, Know more, In-Person",,,In person,open,,https://www.guesty.com/event-lp/vitur-forum/,company,,2026-09-29,page text,
2026-10-16,2026-10-16,Future-Proofing Physical Security and Access Control,Envoy,Envoy,company_hosted,"10:00 am, PT",,,In person,open,,https://envoy.com/webinars/futureproofing-security-lee-odess,company,,2026-09-29,page text,
2026-10-18,2026-10-18,"Building trust, one event at a time",Notarize (Proof),Notarize (Proof),company_hosted,"HR Tech, Mandalay Bay • Las Vegas • Booth #7917",,,In person,open,,https://www.proof.com/events,company,,2026-10-02,page text,date changed from 2026-09-29
2026-10-18,2026-10-21,NAHRO 2026 National Conference & Exhibition,MRI Software,MRI Software,company_hosted,TBC,,,In person,open,,https://www.nahro.org/events/future-conferences/,company,,2026-09-29,page text,
2026-10-18,2026-10-20,TMHA Annual Convention,Rent Manager (LCS),Rent Manager (LCS),company_hosted,"Marble Falls, TX",Marble Falls,TX,In person,open,,https://www.rentmanager.com/events/,company,,2026-09-29,page text,
2026-10-19,2026-10-21,2026 NMHC Student Housing Conference,NMHC,,conference,"Grand Hyatt Scottsdale Resort, Scottsdale, AZ",Scottsdale,AZ,In person,open,,https://www.nmhc.org/meetings/calendar/shc/2026-nmhc-student-housing-conference/,nmhc,,2026-09-29,page,
2026-10-19,2026-10-22,2026 Rent Manager User Conference (RMUC.26),Rent Manager (LCS),Rent Manager (LCS),company_hosted,"San Antonio, TX",San Antonio,TX,In person,open,,https://conference.rentmanager.com/,company,,2026-09-29,page text,
2026-10-19,2026-10-21,Florida CARH,ResMan,ResMan,company_hosted,,,,In person,open,,https://www.myresman.com/events/,company,,2026-09-29,page text,
2026-10-19,2026-10-23,North America Ascend 2026,MRI Software,MRI Software,company_hosted,"New York, NY",New York,NY,In person,open,,https://mriusersconference.com/,company,,2026-09-29,page text,
2026-10-20,2026-10-21,Greenbuild 2026,MRI Software,MRI Software,company_hosted,"New York City, New York - Javits Center",New York City,NY,In person,open,,https://www.usgbc.org/greenbuild,company,,2026-09-29,page text,
2026-10-20,2026-10-20,The Deal Isn't Dead: 5 Financing Plays for a High-Rate Market,Homebot,Homebot,company_hosted,,,,In person,open,,https://homebot.ai/webinars/the-deal-isnt-dead-5-financing-plays,company,,2026-09-29,page text,
2026-10-20,2026-10-21,VRM Days,Guesty,Guesty,company_hosted,"Split, Croatia, Know more, In-Person",,,In person,open,,https://www.guesty.com/event-lp/vrm-days-croatia-2026/,company,,2026-09-29,page text,
2026-10-21,2026-10-23,ASTRA Here to Stay Conference,Guesty,Guesty,company_hosted,"Gold Coast, Australia, Know more, In-Person",,,In person,open,,https://www.guesty.com/event-lp/astra-here-to-stay-conference/,company,,2026-09-29,page text,
2026-10-21,2026-10-21,Shop Talk 87: Beyond the Scan: Getting More from Matterport,Matterport,Matterport,company_hosted,,,,In person,open,,https://go.matterport.com/shop-talk-87,company,,2026-10-02,page text,
2026-10-21,2026-10-22,Upcoming Events,Matterport,Matterport,company_hosted,,,,In person,open,,https://matterport.com/events-webinars,company,,2026-10-02,page text,
2026-10-22,2026-10-22,Greater Baltimore Multifamily and Affordable Housing Summit,Bisnow,,conference,Baltimore,,,In person,open,8:00 AM EDT,https://www.bisnow.com/events/baltimore/multifamily/greater-baltimore-multifamily-and-affordable-housing-summit-9752,bisnow,Multifamily,2026-09-29,page,
2026-10-22,2026-10-22,Inside FUTU*RE* 2026: A Recap of the Ideas Shaping Real Estate,AppFolio,AppFolio,company_hosted,Virtual,,,Online,open,00:00,https://www.appfolio.com/resources/events,company,,2026-10-02,json-ld,
2026-10-23,2026-10-23,Condominio Experience 2026,Guesty,Guesty,company_hosted,"Rome, Italy, Know more, In-Person",,,In person,open,,https://www.guesty.com/event-lp/condominio-experience-2026/,company,,2026-09-29,page text,
2026-10-23,2026-10-23,Emergencies in the office: How to fortify your workplace,Envoy,Envoy,company_hosted,"10:00 am, PT",,,In person,open,,https://envoy.com/webinars/emergencies-in-the-office,company,,2026-09-29,page text,
2026-10-24,2026-10-25,Scale Fest,Guesty,Guesty,company_hosted,"World Trade Center, Barcelona, Know more, In-Person",,,In person,open,,https://www.guesty.com/event-lp/meet-guesty-at-scale-fest-2026-barcelona/,company,,2026-09-29,page text,
2026-10-26,2026-10-29,Western Manufactured Housing Communities Association (WMA) Convention & Expo,Rent Manager (LCS),Rent Manager (LCS),company_hosted,"Henderson, NV",Henderson,NV,In person,open,,https://www.wma.org/post/save-date-2026-wma-convention-expo,company,,2026-09-29,page text,
2026-10-28,2026-10-28,Bisnow Multifamily Annual Conference Phoenix (BMAC),Bisnow,,conference,Phoenix,,,In person,open,8:00 AM MST,https://www.bisnow.com/events/phoenix/multifamily/bisnow-multifamily-annual-conference-phoenix-bmac-9819,bisnow,Multifamily,2026-09-29,page,
2026-10-30,2026-10-30,Field-tested tips for visitor management operations in high-risk environments,Envoy,Envoy,company_hosted,"10:00 am, PT",,,In person,open,,https://envoy.com/webinars/visitor-management-operations-high-risk-environments,company,,2026-09-29,page text,
2026-11-03,2026-11-05,CREtech New York 2026,MRI Software,MRI Software,company_attending,"Chicago, IL - McCormick Place",Chicago,IL,In person,open,,https://discover.cretech.com/cretech-new-york-2026,company,,2026-09-29,page text,
2026-11-03,2026-11-06,Lending Council Conference 2026,Blend Labs,Blend Labs,company_hosted,,,,In person,open,,https://blend.com/events/,company,,2026-09-29,page text,
2026-11-04,2026-11-06,MHI National Communities Council Fall Leadership Forum,Rent Manager (LCS),Rent Manager (LCS),company_hosted,"Chicago, IL",Chicago,IL,In person,open,,https://www.manufacturedhousing.org/events-landing/ncc-meeting/,company,,2026-09-29,page text,
2026-11-04,2026-11-05,"NRHC Connect: Industry, Operations & Technology",NRHC,,conference,"Dallas, TX",Dallas,TX,In person,open,,https://rentalhomecouncil.org/rental-housing-conference/,nrhc,,2026-09-29,page,
2026-11-04,2026-11-04,See compliance and security in action at ISC East,Envoy,Envoy,company_hosted,NYC,,,In person,open,,https://envoy.com/events/isc-east,company,,2026-09-29,page text,
2026-11-04,2026-11-04,Upcoming live events,Envoy,Envoy,company_hosted,NYC,,,In person,open,,https://envoy.com/events-webinars,company,,2026-10-02,page text,date changed from 2026-09-29
2026-11-05,2026-11-05,Bisnow Multifamily Annual Conference Denver (BMAC),Bisnow,,conference,Denver,,,In person,open,8:00 AM MST,https://www.bisnow.com/events/denver/multifamily/bisnow-multifamily-annual-conference-denver-bmac-9818,bisnow,Multifamily,2026-09-29,page,
2026-11-07,2026-11-08,Domizil! HUSUM,Guesty,Guesty,company_hosted,"Husum, Germany, Know more, In-Person",,,In person,open,,https://www.guesty.com/event-lp/domizil-husum/,company,,2026-09-29,page text,
2026-11-10,2026-11-10,Bisnow Multifamily Annual Conference (BMAC) Pacific Northwest,Bisnow,,conference,Seattle,,,In person,open,8:00 AM PST,https://www.bisnow.com/events/seattle/multifamily/bisnow-multifamily-annual-conference-bmac-pacific-northwest-9985,bisnow,Multifamily,2026-09-29,page,
2026-11-10,2026-11-12,CasaCon,Guesty,Guesty,company_hosted,"New Orleans, LA",New Orleans,LA,In person,open,,https://www.guesty.com/event-lp/casacon/,company,,2026-09-29,page text,
2026-11-12,2026-11-14,ExpoRV Pacific Summit,Guesty,Guesty,company_hosted,"Puerto Vallarta, MX, Know more, In-Person",,,In person,open,,https://www.guesty.com/event-lp/exporv-pacific-summit/,company,,2026-09-29,page text,
2026-11-12,2026-11-12,"New Jersey Multifamily Development, Design & Operations Conference",Bisnow,,conference,New Jersey,,,In person,open,8:00 AM EST,https://www.bisnow.com/events/new-jersey/multifamily/new-jersey-development-design-operations-conference-10287,bisnow,Multifamily,2026-09-29,page,
2026-11-16,2026-11-18,CoreNet Global 2026,MRI Software,MRI Software,company_hosted,"Las Vegas, NV - MGM Grand Hotel & Casino",Las Vegas,NV,In person,open,,https://www.corenetglobal.org/attend-summits-events/corenet-global-summits-conferences-and-events,company,,2026-09-29,page text,
2026-11-16,2026-11-18,National Multifamily Housing Council (NMHC) OPTECH Conference & Expo,Rent Manager (LCS),Rent Manager (LCS),company_attending,"Las Vegas, NV",Las Vegas,NV,In person,open,,https://www.nmhc.org/meetings/calendar/OPTECH/2026-optech-conference-expo/,company,,2026-09-29,page text,
2026-11-16,2026-11-18,OPTECH 2026,NMHC,,conference,"MGM Grand Hotel & Casino, Las Vegas, NV",Las Vegas,NV,In person,members only,,https://rettc.org/events/optech-2026,nmhc,,2026-09-29,page,
2026-11-17,2026-11-17,South Florida Multifamily Summit,Bisnow,,conference,South Florida,,,In person,open,8:00 AM EST,https://www.bisnow.com/events/south-florida/multifamily/south-florida-multifamily-summit-9661,bisnow,Multifamily,2026-09-29,page,
2026-11-17,2026-11-18,Vivere di Turismo Festival,Guesty,Guesty,company_hosted,"Rimini, Italy, Know more, In-Person",,,In person,open,,https://www.guesty.com/event-lp/vivere-di-turismo-festival/,company,,2026-09-29,page text,
2026-11-18,2026-11-20,AHF Live 2026,MRI Software,MRI Software,company_hosted,"Anaheim Convention Center, Anaheim, CA",Anaheim,CA,In person,open,,http://www.mpnahro.org/events-and-training.html,company,,2026-09-29,page text,
2026-11-18,2026-11-18,Chicago Property Management & Operations Summit,Bisnow,,conference,Chicago,,,In person,open,8:00 AM CST,https://www.bisnow.com/events/chicago/property-management/chicago-property-management-operations-summit-9723,bisnow,Property Management,2026-09-29,page,
2026-11-18,2026-11-18,See compliance and security in action at ISC East,Envoy,Envoy,company_hosted,"Anaheim, CA",Anaheim,CA,In person,open,,https://envoy.com/events-webinars,company,,2026-09-29,page text,
2026-11-18,2026-11-19,Southern California Multifamily Annual Conference,Bisnow,,conference,Los Angeles,,,In person,open,,https://www.bisnow.com/events/los-angeles/multifamily/southern-california-multifamily-annual-conference-9956,bisnow,Multifamily,2026-09-29,page,
2026-11-18,2026-11-18,Workplace operations start with visibility,Envoy,Envoy,company_hosted,"Anaheim, CA",Anaheim,CA,In person,open,,https://envoy.com/events/ifma-world-workplace,company,,2026-09-29,page text,
2026-11-19,2026-11-19,Multifamily Southeast Conference,Bisnow,,conference,Atlanta,,,In person,open,8:00 AM EST,https://www.bisnow.com/events/atlanta/multifamily/multifamily-southeast-9624,bisnow,Multifamily,2026-09-29,page,
2026-11-20,2026-11-22,SuperStay LIVE,Guesty,Guesty,company_hosted,"Augsburg, Germany, Know more, In-Person",,,In person,open,,https://www.guesty.com/event-lp/superstay-live-2026/,company,,2026-09-29,page text,
2026-11-25,2026-11-26,Scale France,Guesty,Guesty,company_hosted,"Paris, France, Know more, In-Person",,,In person,open,,https://www.guesty.com/event-lp/scale-france/,company,,2026-09-29,page text,
2026-12-01,2026-12-02,IFMA World Workplace 2026,MRI Software,MRI Software,company_hosted,"Columbus, OH",Columbus,OH,In person,open,,https://facilityfusion.ifma.org/,company,,2026-09-29,page text,
2026-12-02,2026-12-02,Bisnow Multifamily Annual Conference (BMAC) Triangle,Bisnow,,conference,Raleigh/Durham,,,In person,open,8:00 AM EST,https://www.bisnow.com/events/raleigh-durham/multifamily/triangle-bmac-multifamily-10059,bisnow,Multifamily,2026-09-29,page,
2026-12-03,2026-12-03,Sacramento Multifamily & Affordable Housing Conference,Bisnow,,conference,Sacramento,,,In person,open,8:00 AM PST,https://www.bisnow.com/events/sacramento/multifamily/multifamily-affordable-housing-10152,bisnow,Multifamily,2026-09-29,page,
2026-12-04,2026-12-04,The new model for modern access control systems,Envoy,Envoy,company_hosted,"10:00 am, PT",,,In person,open,,https://envoy.com/webinars/new-model-for-physical-security,company,,2026-09-29,page text,
2026-12-07,2026-12-09,DARM Conference,Guesty,Guesty,company_hosted,"Atlanta, GA",Atlanta,GA,In person,open,,https://www.guesty.com/event-lp/darm-conference-2026/,company,,2026-09-29,page text,
2026-12-07,2026-12-07,Dinner In The Desert,NRHC,,conference,"Scottsdale, AZ",Scottsdale,AZ,In person,open,,https://rentalhomecouncil.org/dinner-in-the-desert-2026/,nrhc,,2026-09-29,page,
2026-12-07,2026-12-09,IMN Single Family Rental West,IMN,,conference,"Fairmont Scottsdale Princess, Scottsdale, AZ",Scottsdale,AZ,In person,open,,https://informaconnect.com/imn-sfr-west/,imn,,2026-09-29,page,
2026-12-07,2026-12-09,IMN Single Family Rental West,Rent Manager (LCS),Rent Manager (LCS),company_attending,"Scottsdale, AZ",Scottsdale,AZ,In person,open,,https://informaconnect.com/imn-sfr-west/,company,,2026-09-29,page text,
2026-12-10,2026-12-10,Bisnow Multifamily Annual Conference East (BMAC),Bisnow,,conference,"Washington, D.C.",Washington,DC,In person,open,8:00 AM EST,https://www.bisnow.com/events/washington-dc/multifamily/bisnow-multifamily-annual-conference-east-bmac-9776,bisnow,Multifamily,2026-09-29,page,
2026-12-10,2026-12-10,Greater Boston Residential Summit,Bisnow,,conference,Boston,,,In person,open,8:30 AM EST,https://www.bisnow.com/events/boston/multifamily/greater-boston-residential-rental-condos-single-family-housing-10013,bisnow,Multifamily,2026-09-29,page,
2027-01-21,2027-01-21,From approvals to audit: Operationalizing visitor security,Envoy,Envoy,company_hosted,"10:00 am, PT",,,In person,open,,https://envoy.com/webinars/approvals-to-audit-operationalizing-visitor-security,company,,2026-09-29,page text,
2027-01-25,2027-01-25,2027 NMHC Women's Event,NMHC,,conference,,,,In person,members only,,https://www.nmhc.org/meetings/calendar/annual-meeting/2027-nmhc-womens-event/,nmhc,,2026-09-29,page,
2027-01-26,2027-01-28,2027 NMHC Annual Meeting,NMHC,,conference,,,,In person,members only,,https://www.nmhc.org/meetings/calendar/annual-meeting/2027-nmhc-annual-meeting/,nmhc,,2026-09-29,page,
2027-01-26,2027-01-26,2027 NMHC Apartment Strategies Conference,NMHC,,conference,"ARIA Resort & Casino, Las Vegas, NV",Las Vegas,NV,In person,open,,https://www.nmhc.org/meetings/calendar/asc/2027-nmhc-apartment-strategies-outlook-conference/,nmhc,,2026-09-29,page,
2027-02-05,2027-02-05,Workplace strategy analytics: Turning data into action,Envoy,Envoy,company_hosted,"10:00 am, PT",,,In person,open,,https://envoy.com/webinars/workplace-strategy-with-actionable-analytics,company,,2026-09-29,page text,
2027-02-10,2027-02-11,5th Annual North Carolina Property Management Conference: The Business Behind the Doors,NARPM,,conference,"Sheraton Imperial RTP, Durham, NC",Durham,NC,In person,open,,https://www.ncnarpmconference.com/,narpm-state,,2026-09-29,page,
2027-02-16,2027-02-18,2027 NARPM ® Capitol Summit,NARPM,,conference,The Royal Sonesta Washington DC Capitol Hill,The Royal Sonesta Washington,DC,In person,open,,https://www.narpm.org/legislative/narpm-capitol-summit/,narpm,,2026-10-02,page,
2027-02-19,2027-02-20,Charleston Oyster Roast and One Day Conference,NARPM,,conference,"Charleston, SC",Charleston,SC,In person,open,,https://charlestonoysterroast.com/,narpm-state,,2026-09-29,page,
2027-02-25,2027-02-25,"People, access, and emergencies: How security leaders are closing the gaps between systems",Envoy,Envoy,company_hosted,"10:00 am, PT",,,In person,open,,https://envoy.com/webinars/people-access-and-emergencies-how-security-leaders-are-closing-the-gaps-between-systems,company,,2026-09-29,page text,
2027-03-03,2027-03-05,Women’s Real Estate Investment Summit,Rent Manager (LCS),Rent Manager (LCS),company_hosted,"Dania Beach, FL",Dania Beach,FL,In person,open,,https://thewomeninvestmentsummit.com/,company,,2026-09-29,page text,
2027-03-12,2027-03-12,Envoy workplace analytics dashboard demo,Envoy,Envoy,company_hosted,"10:00 am, PT",,,In person,open,,https://envoy.com/webinars/data-in-action,company,,2026-09-29,page text,
2027-03-15,2027-03-17,CALNARPM Conference & Trade Show,Rent Manager (LCS),Rent Manager (LCS),company_hosted,"Napa, CA",Napa,CA,In person,open,,https://narpmcalifornia.org/,company,,2026-09-29,page text,
2027-03-15,2027-03-16,IMN Build-to-Rent Spring,IMN,,conference,"Grand Hyatt Nashville, Nashville, TN",Nashville,TN,In person,open,,https://informaconnect.com/imn-btr-spring/,imn,,2026-09-29,page,
2027-03-24,2027-03-24,Greater Cincinnati Northern Kentucky Apartment Association (GCKNAA) Trade Show,Rent Manager (LCS),Rent Manager (LCS),company_hosted,"Cincinnati, OH",Cincinnati,OH,In person,open,,https://www.gcnkaa.org/events/2026-trade-show,company,,2026-09-29,page text,
,,IMN Build-to-Rent Fall,IMN,,conference,,,,In person,open,,https://informaconnect.com/imn-btr-fall/,imn,,,page,
,,IMN SFR/BTR Property Management & Operations,IMN,,conference,,,,In person,open,,https://informaconnect.com/imn-sfr-pm/,imn,,,page,
