org_name,org_domain,title,role_group,location,url,apply_url,posted_at,board
Attentive,,"Senior Director, Product Management (AI/ML)",engineering,"New York, NY, USA",https://jobs.metaprop.com/companies/attentive-2/jobs/95290675-95290675-senior-director-product-management-ai-ml,https://boards.greenhouse.io/attentive/jobs/4415182009,2026-09-30,MetaProp
Attentive,,"Staff Software Engineer, Compute and Network",engineering,United States,https://jobs.metaprop.com/companies/attentive-2/jobs/95368343-95368343-staff-software-engineer-compute-and-network,https://boards.greenhouse.io/attentive/jobs/4424815009,2026-10-01,MetaProp
BuildOps,,"Staff Software Engineer, Quality & Reliability Platform",engineering,"San Francisco, CA, USA",https://jobs.metaprop.com/companies/buildops/jobs/94765507-94765507-staff-software-engineer-quality-reliability-platform,https://boards.greenhouse.io/buildops/jobs/6208095004,2026-09-25,MetaProp
GiGstreem,,National Sales Manager,sales,Remote,https://jobs.ret.vc/companies/gigstreem/jobs/94847645-94847645-national-sales-manager,https://workforcenow.adp.com/mascsr/default/mdf/recruitment/recruitment.html?cid=f8c1db06-b34b-4e23-aa98-06aa442464da&ccId=19000101_000001&jobId=734838,2026-09-26,RET Ventures
H2,,Tokyo - Member of Technical Staff（MTS / 技術スタッフメンバー）,engineering,"Tokyo, Japan",https://jobs.metaprop.com/companies/h2-2-40fe987b-ca95-4996-8deb-f6dd294354d8/jobs/94918532-94918532-tokyo-member-of-technical-staff-mts,https://ats-hub.replit.app/careers#tokyo-member-of-technical-staff-mts-488023b9,2026-09-26,MetaProp
Higharc,,Applied Research Engineer,engineering,"San Francisco, CA, USA; Remote; New York, NY, USA",https://jobs.metaprop.com/companies/higharc/jobs/95240557-95240557-applied-research-engineer,https://jobs.ashbyhq.com/higharc/449dd0af-71ab-4198-9492-7d5b0adee171,2026-09-30,MetaProp
Kasa Living,,Sales Manager,sales,"Los Angeles, CA, USA",https://jobs.ret.vc/companies/kasa-living/jobs/94888849-94888849-sales-manager,https://boards.greenhouse.io/kasa/jobs/8002784003,2026-09-26,RET Ventures
Maybern,,Senior Software Engineer,engineering,"New York, NY, USA",https://jobs.metaprop.com/companies/maybern/jobs/95140436-95140436-senior-software-engineer,https://jobs.ashbyhq.com/maybern/fbe31f91-56b1-4a6b-b64e-8d7bdf0e21a6,2026-09-29,MetaProp
SightPlan,,"Vice President, Sales",executive,United States,https://jobs.ret.vc/companies/sightplan/jobs/95237213-95237213-vice-president-sales,https://boards.greenhouse.io/smartrent/jobs/5970930004,2026-09-30,RET Ventures
Sparkfund,,"Vice President, Electric Cooperative Markets",executive,United States; Remote,https://jobs.ret.vc/companies/sparkfund/jobs/94547301-94547301-vice-president-electric-cooperative-markets,https://boards.greenhouse.io/sparkfund/jobs/4715898006,2026-09-24,RET Ventures
Terabase Energy,,QA Engineer,engineering,"Paris, France",https://jobs.fifthwall.com/companies/terabase-energy/jobs/95553894-95553894-qa-engineer,https://apply.workable.com/terabase-energy/j/76D634EAF4,2026-10-02,Fifth Wall
Tive,,Outbound Sales Development Representative,sales,United Kingdom,https://jobs.fifthwall.com/companies/tive/jobs/95559005-95559005-outbound-sales-development-representative,https://ats.rippling.com/tive-careers/jobs/7bad9fb6-b66e-45f9-9e02-33617a8f4b4a,2026-10-02,Fifth Wall
Tive,,Senior Regulatory Compliance Engineer,engineering,"Boston, MA, USA",https://jobs.fifthwall.com/companies/tive/jobs/95559003-95559003-senior-regulatory-compliance-engineer,https://ats.rippling.com/tive-careers/jobs/4abd554e-1ebd-480b-97c2-56558ff14146,2026-10-02,Fifth Wall
