company,title,location,url,posted,in_scope,column_d
Alexander & Baldwin,Property Management Administrator,"Kailua, HI, USA",https://jobs.dayforcehcm.com/en-US/abhi/CANDIDATEPORTAL/jobs/634,2026-09-29,no,https://jobs.dayforcehcm.com/abhi/CANDIDATEPORTAL
Alexander & Baldwin,Senior Accountant CRE,"822 Bishop St, Honolulu, HI 96813, USA",https://jobs.dayforcehcm.com/en-US/abhi/CANDIDATEPORTAL/jobs/630,2026-09-17,no,https://jobs.dayforcehcm.com/abhi/CANDIDATEPORTAL
Alexander & Baldwin,Tenant Coordinator / Project Manager,,https://jobs.dayforcehcm.com/en-US/abhi/CANDIDATEPORTAL/jobs/606,2026-07-31,no,https://jobs.dayforcehcm.com/abhi/CANDIDATEPORTAL
Belong,Associate General Counsel,"Coral Gables, Florida",https://apply.workable.com/j/9069E6E516,2026-10-02,no,https://apply.workable.com/belong-6
Belong,Experience Manager,"Buenos Aires, Buenos Aires",https://apply.workable.com/j/58A905AB9D,2026-07-08,no,https://apply.workable.com/belong-6
Belong,"Growth Advisor, Leasing","Buenos Aires, Buenos Aires",https://apply.workable.com/j/996A05186B,2026-09-30,yes,https://apply.workable.com/belong-6
Belong,People Program Manager,"Buenos Aires, Buenos Aires",https://apply.workable.com/j/D64BC859B8,2026-09-25,no,https://apply.workable.com/belong-6
Belong,Senior Accountant,"Buenos Aires, Buenos Aires",https://apply.workable.com/j/24F57D7BFE,2026-09-17,no,https://apply.workable.com/belong-6
EPR Properties,Property Accountant,"Kansas City, Missouri",https://eprproperties.bamboohr.com/careers/43,,no,https://eprproperties.bamboohr.com/careers
Lamar Advertising Company,Sales Account Executive,"Raleigh, NC",https://recruiting2.ultipro.com/LAM1000LAC/JobBoard/82898216-ca7a-4621-b01b-bf3410c919b2/OpportunityDetail?opportunityId=55c24115-e3bf-4607-805c-a5a4512cff99,2026-10-05,yes,https://recruiting2.ultipro.com/LAM1000LAC/JobBoard/82898216-ca7a-4621-b01b-bf3410c919b2/?q=&o=postedDateDesc
Lamar Advertising Company,Logos Assistant General Manager,"NORCROSS, GA",https://recruiting2.ultipro.com/LAM1000LAC/JobBoard/82898216-ca7a-4621-b01b-bf3410c919b2/OpportunityDetail?opportunityId=928925e3-26f9-4718-b677-e13f76ea3d88,2026-10-05,no,https://recruiting2.ultipro.com/LAM1000LAC/JobBoard/82898216-ca7a-4621-b01b-bf3410c919b2/?q=&o=postedDateDesc
Lamar Advertising Company,Construction - Billboard Installer,"MONROE, LA",https://recruiting2.ultipro.com/LAM1000LAC/JobBoard/82898216-ca7a-4621-b01b-bf3410c919b2/OpportunityDetail?opportunityId=485c7349-239f-4755-b6db-1730222331b2,2026-10-05,no,https://recruiting2.ultipro.com/LAM1000LAC/JobBoard/82898216-ca7a-4621-b01b-bf3410c919b2/?q=&o=postedDateDesc
Lamar Advertising Company,Billboard Construction Crew Member,"Duluth, MN",https://recruiting2.ultipro.com/LAM1000LAC/JobBoard/82898216-ca7a-4621-b01b-bf3410c919b2/OpportunityDetail?opportunityId=1f98e9be-7107-428b-b1f3-cd9076fe3650,2026-10-01,no,https://recruiting2.ultipro.com/LAM1000LAC/JobBoard/82898216-ca7a-4621-b01b-bf3410c919b2/?q=&o=postedDateDesc
Lamar Advertising Company,Sales Account Executive,"LATHAM, NY",https://recruiting2.ultipro.com/LAM1000LAC/JobBoard/82898216-ca7a-4621-b01b-bf3410c919b2/OpportunityDetail?opportunityId=fd659fbd-0fd8-442f-825b-6bb978a75953,2026-10-01,yes,https://recruiting2.ultipro.com/LAM1000LAC/JobBoard/82898216-ca7a-4621-b01b-bf3410c919b2/?q=&o=postedDateDesc
Lamar Advertising Company,Construction - Billboard Installer,"HAMMOND, LA",https://recruiting2.ultipro.com/LAM1000LAC/JobBoard/82898216-ca7a-4621-b01b-bf3410c919b2/OpportunityDetail?opportunityId=22272400-3c38-4e33-8109-5508cc099356,2026-10-01,no,https://recruiting2.ultipro.com/LAM1000LAC/JobBoard/82898216-ca7a-4621-b01b-bf3410c919b2/?q=&o=postedDateDesc
Lamar Advertising Company,Inside Sales Account Manager,"WESTLAND, MI",https://recruiting2.ultipro.com/LAM1000LAC/JobBoard/82898216-ca7a-4621-b01b-bf3410c919b2/OpportunityDetail?opportunityId=2d51a2cb-27fc-42ad-b80a-dab70c61fb93,2026-09-30,yes,https://recruiting2.ultipro.com/LAM1000LAC/JobBoard/82898216-ca7a-4621-b01b-bf3410c919b2/?q=&o=postedDateDesc
Lamar Advertising Company,Sales Account Executive,"WESTLAND, MI",https://recruiting2.ultipro.com/LAM1000LAC/JobBoard/82898216-ca7a-4621-b01b-bf3410c919b2/OpportunityDetail?opportunityId=b40fea45-7707-4feb-9655-7efcfd85e040,2026-09-30,yes,https://recruiting2.ultipro.com/LAM1000LAC/JobBoard/82898216-ca7a-4621-b01b-bf3410c919b2/?q=&o=postedDateDesc
Lamar Advertising Company,Sales Account Executive,"RENO, NV",https://recruiting2.ultipro.com/LAM1000LAC/JobBoard/82898216-ca7a-4621-b01b-bf3410c919b2/OpportunityDetail?opportunityId=480b2b9a-4b49-482c-91f1-b7730d521c71,2026-09-30,yes,https://recruiting2.ultipro.com/LAM1000LAC/JobBoard/82898216-ca7a-4621-b01b-bf3410c919b2/?q=&o=postedDateDesc
Lamar Advertising Company,Programmatic Intern,"BATON ROUGE, LA",https://recruiting2.ultipro.com/LAM1000LAC/JobBoard/82898216-ca7a-4621-b01b-bf3410c919b2/OpportunityDetail?opportunityId=c6aab69a-d9da-4dcc-9997-7d711d7571e8,2026-09-30,no,https://recruiting2.ultipro.com/LAM1000LAC/JobBoard/82898216-ca7a-4621-b01b-bf3410c919b2/?q=&o=postedDateDesc
Lamar Advertising Company,Construction - Billboard Installer,"GRANITE FALLS, NC",https://recruiting2.ultipro.com/LAM1000LAC/JobBoard/82898216-ca7a-4621-b01b-bf3410c919b2/OpportunityDetail?opportunityId=87be010a-7c48-44fe-a0e0-85606efe1eae,2026-09-30,no,https://recruiting2.ultipro.com/LAM1000LAC/JobBoard/82898216-ca7a-4621-b01b-bf3410c919b2/?q=&o=postedDateDesc
Lamar Advertising Company,Construction - Billboard Installer,"WINDSOR, CT",https://recruiting2.ultipro.com/LAM1000LAC/JobBoard/82898216-ca7a-4621-b01b-bf3410c919b2/OpportunityDetail?opportunityId=d77c1f1c-d298-4aaa-938e-ce673ff5abad,2026-09-30,no,https://recruiting2.ultipro.com/LAM1000LAC/JobBoard/82898216-ca7a-4621-b01b-bf3410c919b2/?q=&o=postedDateDesc
Lamar Advertising Company,Construction - Billboard Installer,"Bridgeport, CT",https://recruiting2.ultipro.com/LAM1000LAC/JobBoard/82898216-ca7a-4621-b01b-bf3410c919b2/OpportunityDetail?opportunityId=2d30b5ac-7a08-40f5-8fdf-c8ad7584b892,2026-09-30,no,https://recruiting2.ultipro.com/LAM1000LAC/JobBoard/82898216-ca7a-4621-b01b-bf3410c919b2/?q=&o=postedDateDesc
Lamar Advertising Company,Billboard Construction Crew Member,"ARLINGTON, TX",https://recruiting2.ultipro.com/LAM1000LAC/JobBoard/82898216-ca7a-4621-b01b-bf3410c919b2/OpportunityDetail?opportunityId=45aaba4b-04ca-48cf-976a-64e8aefa314f,2026-09-30,no,https://recruiting2.ultipro.com/LAM1000LAC/JobBoard/82898216-ca7a-4621-b01b-bf3410c919b2/?q=&o=postedDateDesc
Lamar Advertising Company,Sales and Campaign Coordinator,"Fort Wayne, IN",https://recruiting2.ultipro.com/LAM1000LAC/JobBoard/82898216-ca7a-4621-b01b-bf3410c919b2/OpportunityDetail?opportunityId=482cefd9-7bdc-4a15-82eb-52db9bae6dcb,2026-09-30,yes,https://recruiting2.ultipro.com/LAM1000LAC/JobBoard/82898216-ca7a-4621-b01b-bf3410c919b2/?q=&o=postedDateDesc
Lamar Advertising Company,Assistant Sales Manager,"PITTSBURGH, PA",https://recruiting2.ultipro.com/LAM1000LAC/JobBoard/82898216-ca7a-4621-b01b-bf3410c919b2/OpportunityDetail?opportunityId=33032d39-7fd8-4656-a8e8-dd638a787213,2026-09-30,yes,https://recruiting2.ultipro.com/LAM1000LAC/JobBoard/82898216-ca7a-4621-b01b-bf3410c919b2/?q=&o=postedDateDesc
Lamar Advertising Company,Sales Account Executive,"LANCASTER, CA",https://recruiting2.ultipro.com/LAM1000LAC/JobBoard/82898216-ca7a-4621-b01b-bf3410c919b2/OpportunityDetail?opportunityId=243ec492-3bd6-4c93-a5a9-6176c25e0966,2026-09-30,yes,https://recruiting2.ultipro.com/LAM1000LAC/JobBoard/82898216-ca7a-4621-b01b-bf3410c919b2/?q=&o=postedDateDesc
Lamar Advertising Company,Construction - Billboard Installer,"Asheville, NC",https://recruiting2.ultipro.com/LAM1000LAC/JobBoard/82898216-ca7a-4621-b01b-bf3410c919b2/OpportunityDetail?opportunityId=c4eb336f-e52c-41b3-895c-1341b657048f,2026-09-30,no,https://recruiting2.ultipro.com/LAM1000LAC/JobBoard/82898216-ca7a-4621-b01b-bf3410c919b2/?q=&o=postedDateDesc
Lamar Advertising Company,Logos Field Technician,"Janesville, WI",https://recruiting2.ultipro.com/LAM1000LAC/JobBoard/82898216-ca7a-4621-b01b-bf3410c919b2/OpportunityDetail?opportunityId=472f4327-61ad-46f1-ac75-a358dae0b1ab,2026-09-29,no,https://recruiting2.ultipro.com/LAM1000LAC/JobBoard/82898216-ca7a-4621-b01b-bf3410c919b2/?q=&o=postedDateDesc
Lamar Advertising Company,Construction - Billboard Installer,"TEMPLE, TX",https://recruiting2.ultipro.com/LAM1000LAC/JobBoard/82898216-ca7a-4621-b01b-bf3410c919b2/OpportunityDetail?opportunityId=7dc003aa-c13c-414a-99d3-0e38af461d81,2026-09-29,no,https://recruiting2.ultipro.com/LAM1000LAC/JobBoard/82898216-ca7a-4621-b01b-bf3410c919b2/?q=&o=postedDateDesc
Lamar Advertising Company,Construction - Billboard Installer,"TOPEKA, KS",https://recruiting2.ultipro.com/LAM1000LAC/JobBoard/82898216-ca7a-4621-b01b-bf3410c919b2/OpportunityDetail?opportunityId=76c00421-479f-43e4-b702-3abf07a44c17,2026-09-29,no,https://recruiting2.ultipro.com/LAM1000LAC/JobBoard/82898216-ca7a-4621-b01b-bf3410c919b2/?q=&o=postedDateDesc
Lamar Advertising Company,Construction - Billboard Installer,"Waite Park, MN",https://recruiting2.ultipro.com/LAM1000LAC/JobBoard/82898216-ca7a-4621-b01b-bf3410c919b2/OpportunityDetail?opportunityId=32cd2a96-c24e-43a3-929d-34cf6f88e1ae,2026-09-29,no,https://recruiting2.ultipro.com/LAM1000LAC/JobBoard/82898216-ca7a-4621-b01b-bf3410c919b2/?q=&o=postedDateDesc
Lamar Advertising Company,Construction - Billboard Installer,"GULFPORT, MS",https://recruiting2.ultipro.com/LAM1000LAC/JobBoard/82898216-ca7a-4621-b01b-bf3410c919b2/OpportunityDetail?opportunityId=5fbec2b6-0b51-451c-82fd-c4f07a5189ac,2026-09-28,no,https://recruiting2.ultipro.com/LAM1000LAC/JobBoard/82898216-ca7a-4621-b01b-bf3410c919b2/?q=&o=postedDateDesc
Lamar Advertising Company,Network Operations Center (NOC) Administrator,"BATON ROUGE, LA",https://recruiting2.ultipro.com/LAM1000LAC/JobBoard/82898216-ca7a-4621-b01b-bf3410c919b2/OpportunityDetail?opportunityId=43a8c569-231f-43a9-90ea-ccb58213c951,2026-09-28,no,https://recruiting2.ultipro.com/LAM1000LAC/JobBoard/82898216-ca7a-4621-b01b-bf3410c919b2/?q=&o=postedDateDesc
Lamar Advertising Company,National Advertising Campaign Specialist,"BATON ROUGE, LA",https://recruiting2.ultipro.com/LAM1000LAC/JobBoard/82898216-ca7a-4621-b01b-bf3410c919b2/OpportunityDetail?opportunityId=586eed41-5170-429d-8335-84366f680882,2026-09-25,no,https://recruiting2.ultipro.com/LAM1000LAC/JobBoard/82898216-ca7a-4621-b01b-bf3410c919b2/?q=&o=postedDateDesc
Lamar Advertising Company,Construction - Billboard Installer,"Philadelphia, PA",https://recruiting2.ultipro.com/LAM1000LAC/JobBoard/82898216-ca7a-4621-b01b-bf3410c919b2/OpportunityDetail?opportunityId=07c8339d-585e-4cf0-8e4d-4638ccb2676f,2026-09-25,no,https://recruiting2.ultipro.com/LAM1000LAC/JobBoard/82898216-ca7a-4621-b01b-bf3410c919b2/?q=&o=postedDateDesc
Lamar Advertising Company,Advertising Inventory Coordinator,"Phoenix, AZ",https://recruiting2.ultipro.com/LAM1000LAC/JobBoard/82898216-ca7a-4621-b01b-bf3410c919b2/OpportunityDetail?opportunityId=daa59c4b-f2d8-4d7b-8e03-03cec916d7bf,2026-09-25,no,https://recruiting2.ultipro.com/LAM1000LAC/JobBoard/82898216-ca7a-4621-b01b-bf3410c919b2/?q=&o=postedDateDesc
Lamar Advertising Company,Construction - Billboard Installer,"Albuquerque, NM",https://recruiting2.ultipro.com/LAM1000LAC/JobBoard/82898216-ca7a-4621-b01b-bf3410c919b2/OpportunityDetail?opportunityId=71041609-20b2-4e59-a313-46daf94b1f17,2026-09-25,no,https://recruiting2.ultipro.com/LAM1000LAC/JobBoard/82898216-ca7a-4621-b01b-bf3410c919b2/?q=&o=postedDateDesc
Lamar Advertising Company,Construction - Billboard Installer,"TYLER, TX",https://recruiting2.ultipro.com/LAM1000LAC/JobBoard/82898216-ca7a-4621-b01b-bf3410c919b2/OpportunityDetail?opportunityId=144e0a03-532e-4f05-8af3-782128cf7134,2026-09-24,no,https://recruiting2.ultipro.com/LAM1000LAC/JobBoard/82898216-ca7a-4621-b01b-bf3410c919b2/?q=&o=postedDateDesc
Lamar Advertising Company,Construction Worker,"Pearls, MS",https://recruiting2.ultipro.com/LAM1000LAC/JobBoard/82898216-ca7a-4621-b01b-bf3410c919b2/OpportunityDetail?opportunityId=32e4f1fa-e1a1-43cc-ab2c-5c8a47b865b7,2026-09-24,no,https://recruiting2.ultipro.com/LAM1000LAC/JobBoard/82898216-ca7a-4621-b01b-bf3410c919b2/?q=&o=postedDateDesc
Lamar Advertising Company,Sales Account Executive,"BRIDGEPORT, WV",https://recruiting2.ultipro.com/LAM1000LAC/JobBoard/82898216-ca7a-4621-b01b-bf3410c919b2/OpportunityDetail?opportunityId=52ea578b-ccb7-41e3-9c9c-a62e4c15015d,2026-09-23,yes,https://recruiting2.ultipro.com/LAM1000LAC/JobBoard/82898216-ca7a-4621-b01b-bf3410c919b2/?q=&o=postedDateDesc
Lamar Advertising Company,Construction - Billboard Installer,"Athens, GA",https://recruiting2.ultipro.com/LAM1000LAC/JobBoard/82898216-ca7a-4621-b01b-bf3410c919b2/OpportunityDetail?opportunityId=744d0993-82cf-4389-bbff-4bbfde931667,2026-09-21,no,https://recruiting2.ultipro.com/LAM1000LAC/JobBoard/82898216-ca7a-4621-b01b-bf3410c919b2/?q=&o=postedDateDesc
Lamar Advertising Company,Sales Account Executive,"HATTIESBURG, MS",https://recruiting2.ultipro.com/LAM1000LAC/JobBoard/82898216-ca7a-4621-b01b-bf3410c919b2/OpportunityDetail?opportunityId=be59d660-ef05-4b6a-ae59-113fd0fc64b9,2026-09-21,yes,https://recruiting2.ultipro.com/LAM1000LAC/JobBoard/82898216-ca7a-4621-b01b-bf3410c919b2/?q=&o=postedDateDesc
Lamar Advertising Company,Administrative Specialist,"DUNCANSVILLE, PA",https://recruiting2.ultipro.com/LAM1000LAC/JobBoard/82898216-ca7a-4621-b01b-bf3410c919b2/OpportunityDetail?opportunityId=7fc45504-26b3-4f90-8a02-de7d5f5a5b9e,2026-09-18,no,https://recruiting2.ultipro.com/LAM1000LAC/JobBoard/82898216-ca7a-4621-b01b-bf3410c919b2/?q=&o=postedDateDesc
Lamar Advertising Company,Sales and Campaign Coordinator,"VICTORIA, TX",https://recruiting2.ultipro.com/LAM1000LAC/JobBoard/82898216-ca7a-4621-b01b-bf3410c919b2/OpportunityDetail?opportunityId=6b3b1af0-a3ee-498e-aba0-235f94e1e266,2026-09-18,yes,https://recruiting2.ultipro.com/LAM1000LAC/JobBoard/82898216-ca7a-4621-b01b-bf3410c919b2/?q=&o=postedDateDesc
Lamar Advertising Company,Sales Account Executive,"Sioux City, IA",https://recruiting2.ultipro.com/LAM1000LAC/JobBoard/82898216-ca7a-4621-b01b-bf3410c919b2/OpportunityDetail?opportunityId=625d60d0-4c75-4f72-8fcc-814e54c8f3aa,2026-09-18,yes,https://recruiting2.ultipro.com/LAM1000LAC/JobBoard/82898216-ca7a-4621-b01b-bf3410c919b2/?q=&o=postedDateDesc
Lamar Advertising Company,Construction - Billboard Installer,"SHREVEPORT, LA",https://recruiting2.ultipro.com/LAM1000LAC/JobBoard/82898216-ca7a-4621-b01b-bf3410c919b2/OpportunityDetail?opportunityId=efe3513a-0426-4581-9dc3-f371d40aad3d,2026-09-17,no,https://recruiting2.ultipro.com/LAM1000LAC/JobBoard/82898216-ca7a-4621-b01b-bf3410c919b2/?q=&o=postedDateDesc
Lamar Advertising Company,Sales Manager,"BUFFALO, NY",https://recruiting2.ultipro.com/LAM1000LAC/JobBoard/82898216-ca7a-4621-b01b-bf3410c919b2/OpportunityDetail?opportunityId=476c9760-173c-44cc-9567-977e5e5da76b,2026-09-17,yes,https://recruiting2.ultipro.com/LAM1000LAC/JobBoard/82898216-ca7a-4621-b01b-bf3410c919b2/?q=&o=postedDateDesc
Lamar Advertising Company,Construction - Billboard Installer,"Sioux Falls, SD",https://recruiting2.ultipro.com/LAM1000LAC/JobBoard/82898216-ca7a-4621-b01b-bf3410c919b2/OpportunityDetail?opportunityId=a0fe1075-dbb7-4b76-97c0-636ae077dd0e,2026-09-17,no,https://recruiting2.ultipro.com/LAM1000LAC/JobBoard/82898216-ca7a-4621-b01b-bf3410c919b2/?q=&o=postedDateDesc
Lamar Advertising Company,Construction - Billboard Installer,"NORCROSS, GA",https://recruiting2.ultipro.com/LAM1000LAC/JobBoard/82898216-ca7a-4621-b01b-bf3410c919b2/OpportunityDetail?opportunityId=1ee5f49b-945f-4e6e-a632-f15fc43ef357,2026-09-16,no,https://recruiting2.ultipro.com/LAM1000LAC/JobBoard/82898216-ca7a-4621-b01b-bf3410c919b2/?q=&o=postedDateDesc
Lamar Advertising Company,Sales and Campaign Coordinator,"COLUMBIA, SC",https://recruiting2.ultipro.com/LAM1000LAC/JobBoard/82898216-ca7a-4621-b01b-bf3410c919b2/OpportunityDetail?opportunityId=c15abcdf-9847-4b16-8bf5-e72b7e947657,2026-09-16,yes,https://recruiting2.ultipro.com/LAM1000LAC/JobBoard/82898216-ca7a-4621-b01b-bf3410c919b2/?q=&o=postedDateDesc
Lamar Advertising Company,Construction - Billboard Installer,"BRIDGEPORT, WV",https://recruiting2.ultipro.com/LAM1000LAC/JobBoard/82898216-ca7a-4621-b01b-bf3410c919b2/OpportunityDetail?opportunityId=7901438b-620e-418a-af6d-9cd44f9c39cd,2026-09-16,no,https://recruiting2.ultipro.com/LAM1000LAC/JobBoard/82898216-ca7a-4621-b01b-bf3410c919b2/?q=&o=postedDateDesc
Lamar Advertising Company,Construction - Billboard Installer,"BRYAN, TX",https://recruiting2.ultipro.com/LAM1000LAC/JobBoard/82898216-ca7a-4621-b01b-bf3410c919b2/OpportunityDetail?opportunityId=5bffc0b7-001d-4521-a678-a96888048e2d,2026-09-16,no,https://recruiting2.ultipro.com/LAM1000LAC/JobBoard/82898216-ca7a-4621-b01b-bf3410c919b2/?q=&o=postedDateDesc
Lamar Advertising Company,Transit Vinyl Installer,"Phoenix, AZ",https://recruiting2.ultipro.com/LAM1000LAC/JobBoard/82898216-ca7a-4621-b01b-bf3410c919b2/OpportunityDetail?opportunityId=9a81ae82-1031-497a-b3c9-eef01c4b751a,2026-09-16,no,https://recruiting2.ultipro.com/LAM1000LAC/JobBoard/82898216-ca7a-4621-b01b-bf3410c919b2/?q=&o=postedDateDesc
Lamar Advertising Company,Billboard Construction Crew Member,"North Chesterfield, VA",https://recruiting2.ultipro.com/LAM1000LAC/JobBoard/82898216-ca7a-4621-b01b-bf3410c919b2/OpportunityDetail?opportunityId=9dad89ff-0d21-4a92-b8bc-b1fff77326ec,2026-09-15,no,https://recruiting2.ultipro.com/LAM1000LAC/JobBoard/82898216-ca7a-4621-b01b-bf3410c919b2/?q=&o=postedDateDesc
Lamar Advertising Company,Sales Account Executive,"MEMPHIS, TN",https://recruiting2.ultipro.com/LAM1000LAC/JobBoard/82898216-ca7a-4621-b01b-bf3410c919b2/OpportunityDetail?opportunityId=9bb7eec4-9bec-45fd-b520-574f4bc6218d,2026-09-15,yes,https://recruiting2.ultipro.com/LAM1000LAC/JobBoard/82898216-ca7a-4621-b01b-bf3410c919b2/?q=&o=postedDateDesc
Lamar Advertising Company,Sales Account Executive,"BAKERSFIELD, CA",https://recruiting2.ultipro.com/LAM1000LAC/JobBoard/82898216-ca7a-4621-b01b-bf3410c919b2/OpportunityDetail?opportunityId=a621a92e-7d98-404a-9640-3370c62fe99c,2026-09-14,yes,https://recruiting2.ultipro.com/LAM1000LAC/JobBoard/82898216-ca7a-4621-b01b-bf3410c919b2/?q=&o=postedDateDesc
Lamar Advertising Company,Operations Manager,"OSAGE BEACH, MO",https://recruiting2.ultipro.com/LAM1000LAC/JobBoard/82898216-ca7a-4621-b01b-bf3410c919b2/OpportunityDetail?opportunityId=3debc32c-83da-4e4b-a10b-e5d936e88b23,2026-09-14,no,https://recruiting2.ultipro.com/LAM1000LAC/JobBoard/82898216-ca7a-4621-b01b-bf3410c919b2/?q=&o=postedDateDesc
Lamar Advertising Company,National Sales Intern,"BATON ROUGE, LA",https://recruiting2.ultipro.com/LAM1000LAC/JobBoard/82898216-ca7a-4621-b01b-bf3410c919b2/OpportunityDetail?opportunityId=0b3279eb-737d-403b-8fe3-b2e685228f6e,2026-09-14,no,https://recruiting2.ultipro.com/LAM1000LAC/JobBoard/82898216-ca7a-4621-b01b-bf3410c919b2/?q=&o=postedDateDesc
Lamar Advertising Company,Construction - Billboard Installer,"SYRACUSE, NY",https://recruiting2.ultipro.com/LAM1000LAC/JobBoard/82898216-ca7a-4621-b01b-bf3410c919b2/OpportunityDetail?opportunityId=44135e45-5835-4c24-ae20-01630cbf098a,2026-09-11,no,https://recruiting2.ultipro.com/LAM1000LAC/JobBoard/82898216-ca7a-4621-b01b-bf3410c919b2/?q=&o=postedDateDesc
Lamar Advertising Company,Sales Account Executive,"Philadelphia, PA",https://recruiting2.ultipro.com/LAM1000LAC/JobBoard/82898216-ca7a-4621-b01b-bf3410c919b2/OpportunityDetail?opportunityId=45641691-22d9-413a-8cc8-9b1986133593,2026-09-11,yes,https://recruiting2.ultipro.com/LAM1000LAC/JobBoard/82898216-ca7a-4621-b01b-bf3410c919b2/?q=&o=postedDateDesc
Lamar Advertising Company,Construction - Billboard Installer,"Rocky Mount, NC",https://recruiting2.ultipro.com/LAM1000LAC/JobBoard/82898216-ca7a-4621-b01b-bf3410c919b2/OpportunityDetail?opportunityId=35f3b478-50bc-4e1f-afdd-7d191065e008,2026-09-10,no,https://recruiting2.ultipro.com/LAM1000LAC/JobBoard/82898216-ca7a-4621-b01b-bf3410c919b2/?q=&o=postedDateDesc
Lamar Advertising Company,Construction - Billboard Installer,"SAVANNAH, GA",https://recruiting2.ultipro.com/LAM1000LAC/JobBoard/82898216-ca7a-4621-b01b-bf3410c919b2/OpportunityDetail?opportunityId=4ab47331-8788-47d7-99cb-863afb51c06a,2026-09-10,no,https://recruiting2.ultipro.com/LAM1000LAC/JobBoard/82898216-ca7a-4621-b01b-bf3410c919b2/?q=&o=postedDateDesc
Lamar Advertising Company,Construction - Billboard Installer,"LINCOLN, NE",https://recruiting2.ultipro.com/LAM1000LAC/JobBoard/82898216-ca7a-4621-b01b-bf3410c919b2/OpportunityDetail?opportunityId=4aab7e23-e812-4c4b-afad-3caba9a892da,2026-09-10,no,https://recruiting2.ultipro.com/LAM1000LAC/JobBoard/82898216-ca7a-4621-b01b-bf3410c919b2/?q=&o=postedDateDesc
Lamar Advertising Company,Construction - Billboard Installer,"GIRARD, OH",https://recruiting2.ultipro.com/LAM1000LAC/JobBoard/82898216-ca7a-4621-b01b-bf3410c919b2/OpportunityDetail?opportunityId=682d4abb-f641-4209-84d4-c4be0102716e,2026-09-10,no,https://recruiting2.ultipro.com/LAM1000LAC/JobBoard/82898216-ca7a-4621-b01b-bf3410c919b2/?q=&o=postedDateDesc
Lamar Advertising Company,Construction - Billboard Installer,"South Bend, IN",https://recruiting2.ultipro.com/LAM1000LAC/JobBoard/82898216-ca7a-4621-b01b-bf3410c919b2/OpportunityDetail?opportunityId=63f3518d-609f-4e56-af7b-6e32af843a30,2026-09-09,no,https://recruiting2.ultipro.com/LAM1000LAC/JobBoard/82898216-ca7a-4621-b01b-bf3410c919b2/?q=&o=postedDateDesc
Lamar Advertising Company,Construction - Billboard Installer,"DEPERE, WI",https://recruiting2.ultipro.com/LAM1000LAC/JobBoard/82898216-ca7a-4621-b01b-bf3410c919b2/OpportunityDetail?opportunityId=5b151d2e-2bd9-4697-b634-0cf191e4b922,2026-09-09,no,https://recruiting2.ultipro.com/LAM1000LAC/JobBoard/82898216-ca7a-4621-b01b-bf3410c919b2/?q=&o=postedDateDesc
Lamar Advertising Company,Construction - Billboard Installer (Installation Crew Member I),"AUSTIN, TX",https://recruiting2.ultipro.com/LAM1000LAC/JobBoard/82898216-ca7a-4621-b01b-bf3410c919b2/OpportunityDetail?opportunityId=0c168697-c617-4a69-9085-a391972c964d,2026-09-06,no,https://recruiting2.ultipro.com/LAM1000LAC/JobBoard/82898216-ca7a-4621-b01b-bf3410c919b2/?q=&o=postedDateDesc
Lamar Advertising Company,Sales Account Executive,"Phoenix, AZ",https://recruiting2.ultipro.com/LAM1000LAC/JobBoard/82898216-ca7a-4621-b01b-bf3410c919b2/OpportunityDetail?opportunityId=64bee7c0-6c4a-41bf-be5f-e058b1e20ebd,2026-09-04,yes,https://recruiting2.ultipro.com/LAM1000LAC/JobBoard/82898216-ca7a-4621-b01b-bf3410c919b2/?q=&o=postedDateDesc
Lamar Advertising Company,Sales Account Executive,"Asheville, NC",https://recruiting2.ultipro.com/LAM1000LAC/JobBoard/82898216-ca7a-4621-b01b-bf3410c919b2/OpportunityDetail?opportunityId=2c1222a2-6059-405e-b585-2dba575cc56e,2026-09-03,yes,https://recruiting2.ultipro.com/LAM1000LAC/JobBoard/82898216-ca7a-4621-b01b-bf3410c919b2/?q=&o=postedDateDesc
Lamar Advertising Company,Construction - Billboard Installer,"PITTSBURGH, PA",https://recruiting2.ultipro.com/LAM1000LAC/JobBoard/82898216-ca7a-4621-b01b-bf3410c919b2/OpportunityDetail?opportunityId=5a20b665-8d74-4575-a4ae-71dfc21f30f4,2026-09-03,no,https://recruiting2.ultipro.com/LAM1000LAC/JobBoard/82898216-ca7a-4621-b01b-bf3410c919b2/?q=&o=postedDateDesc
Lamar Advertising Company,Construction - Billboard Installer,"MEMPHIS, TN",https://recruiting2.ultipro.com/LAM1000LAC/JobBoard/82898216-ca7a-4621-b01b-bf3410c919b2/OpportunityDetail?opportunityId=efc59189-2695-4d08-ad59-d012d03f183a,2026-09-02,no,https://recruiting2.ultipro.com/LAM1000LAC/JobBoard/82898216-ca7a-4621-b01b-bf3410c919b2/?q=&o=postedDateDesc
Lamar Advertising Company,Real Estate Manager,"WESTLAND, MI",https://recruiting2.ultipro.com/LAM1000LAC/JobBoard/82898216-ca7a-4621-b01b-bf3410c919b2/OpportunityDetail?opportunityId=c7bf958f-7714-413c-a546-98f1b931ccfb,2026-09-02,no,https://recruiting2.ultipro.com/LAM1000LAC/JobBoard/82898216-ca7a-4621-b01b-bf3410c919b2/?q=&o=postedDateDesc
Lamar Advertising Company,Sales Account Executive,"OCALA, FL",https://recruiting2.ultipro.com/LAM1000LAC/JobBoard/82898216-ca7a-4621-b01b-bf3410c919b2/OpportunityDetail?opportunityId=9cdb22d1-686a-47d3-aaea-bf70164a27fd,2026-09-02,yes,https://recruiting2.ultipro.com/LAM1000LAC/JobBoard/82898216-ca7a-4621-b01b-bf3410c919b2/?q=&o=postedDateDesc
Lamar Advertising Company,Construction Worker,"NORCROSS, GA",https://recruiting2.ultipro.com/LAM1000LAC/JobBoard/82898216-ca7a-4621-b01b-bf3410c919b2/OpportunityDetail?opportunityId=5e3871c0-8443-48bb-a3cc-f8169958aedd,2026-09-02,no,https://recruiting2.ultipro.com/LAM1000LAC/JobBoard/82898216-ca7a-4621-b01b-bf3410c919b2/?q=&o=postedDateDesc
Lamar Advertising Company,Construction - Billboard Installer,"DUNCANSVILLE, PA",https://recruiting2.ultipro.com/LAM1000LAC/JobBoard/82898216-ca7a-4621-b01b-bf3410c919b2/OpportunityDetail?opportunityId=74ab27fd-73e8-4e0b-ac0f-3e715b5b09af,2026-09-02,no,https://recruiting2.ultipro.com/LAM1000LAC/JobBoard/82898216-ca7a-4621-b01b-bf3410c919b2/?q=&o=postedDateDesc
Lamar Advertising Company,Construction - Billboard Installer,"Oklahoma City, OK",https://recruiting2.ultipro.com/LAM1000LAC/JobBoard/82898216-ca7a-4621-b01b-bf3410c919b2/OpportunityDetail?opportunityId=f6660ada-39c7-4a34-a1b7-97beb61ec8c0,2026-08-31,no,https://recruiting2.ultipro.com/LAM1000LAC/JobBoard/82898216-ca7a-4621-b01b-bf3410c919b2/?q=&o=postedDateDesc
Lamar Advertising Company,Construction - Billboard Installer,"KANSAS CITY, MO",https://recruiting2.ultipro.com/LAM1000LAC/JobBoard/82898216-ca7a-4621-b01b-bf3410c919b2/OpportunityDetail?opportunityId=f91b9575-2cb8-47fd-bd18-321632193049,2026-08-31,no,https://recruiting2.ultipro.com/LAM1000LAC/JobBoard/82898216-ca7a-4621-b01b-bf3410c919b2/?q=&o=postedDateDesc
Lamar Advertising Company,Airport Area Project Manager,"Charlotte, NC",https://recruiting2.ultipro.com/LAM1000LAC/JobBoard/82898216-ca7a-4621-b01b-bf3410c919b2/OpportunityDetail?opportunityId=7ea8753c-6361-466f-afdf-909db64feed6,2026-08-28,no,https://recruiting2.ultipro.com/LAM1000LAC/JobBoard/82898216-ca7a-4621-b01b-bf3410c919b2/?q=&o=postedDateDesc
Lamar Advertising Company,Airport Area Project Manager,"Las Vegas, NV",https://recruiting2.ultipro.com/LAM1000LAC/JobBoard/82898216-ca7a-4621-b01b-bf3410c919b2/OpportunityDetail?opportunityId=52cde2fa-0015-403c-8a7e-387d279947c2,2026-08-28,no,https://recruiting2.ultipro.com/LAM1000LAC/JobBoard/82898216-ca7a-4621-b01b-bf3410c919b2/?q=&o=postedDateDesc
Lamar Advertising Company,Director of Airport Projects,"Las Vegas, NV",https://recruiting2.ultipro.com/LAM1000LAC/JobBoard/82898216-ca7a-4621-b01b-bf3410c919b2/OpportunityDetail?opportunityId=f8b740b1-eee9-47c2-9a3a-4c602569ecec,2026-08-28,no,https://recruiting2.ultipro.com/LAM1000LAC/JobBoard/82898216-ca7a-4621-b01b-bf3410c919b2/?q=&o=postedDateDesc
Lamar Advertising Company,Sales Account Executive,"MONTGOMERY, AL",https://recruiting2.ultipro.com/LAM1000LAC/JobBoard/82898216-ca7a-4621-b01b-bf3410c919b2/OpportunityDetail?opportunityId=506b5c0d-25d3-4174-b408-451f1bf8dd95,2026-08-27,yes,https://recruiting2.ultipro.com/LAM1000LAC/JobBoard/82898216-ca7a-4621-b01b-bf3410c919b2/?q=&o=postedDateDesc
Lamar Advertising Company,Construction - Billboard Installer,"Kenova, WV",https://recruiting2.ultipro.com/LAM1000LAC/JobBoard/82898216-ca7a-4621-b01b-bf3410c919b2/OpportunityDetail?opportunityId=f516255c-cee9-465f-b7c1-3a2f1376baa4,2026-08-27,no,https://recruiting2.ultipro.com/LAM1000LAC/JobBoard/82898216-ca7a-4621-b01b-bf3410c919b2/?q=&o=postedDateDesc
Lamar Advertising Company,Construction - Billboard Installer,"LAS VEGAS, NV",https://recruiting2.ultipro.com/LAM1000LAC/JobBoard/82898216-ca7a-4621-b01b-bf3410c919b2/OpportunityDetail?opportunityId=ea36d2b2-6eb0-4f3b-8dcb-db7130114581,2026-08-27,no,https://recruiting2.ultipro.com/LAM1000LAC/JobBoard/82898216-ca7a-4621-b01b-bf3410c919b2/?q=&o=postedDateDesc
Lamar Advertising Company,Construction - Billboard Installer,"ALLENTOWN, PA",https://recruiting2.ultipro.com/LAM1000LAC/JobBoard/82898216-ca7a-4621-b01b-bf3410c919b2/OpportunityDetail?opportunityId=85c512c9-8c93-4b0e-ac74-f63091f31fa1,2026-08-25,no,https://recruiting2.ultipro.com/LAM1000LAC/JobBoard/82898216-ca7a-4621-b01b-bf3410c919b2/?q=&o=postedDateDesc
Lamar Advertising Company,Sales Account Executive,"MUSKEGON, MI",https://recruiting2.ultipro.com/LAM1000LAC/JobBoard/82898216-ca7a-4621-b01b-bf3410c919b2/OpportunityDetail?opportunityId=c703d37c-6f0c-4ab0-b1d2-09073e9cb76f,2026-08-24,yes,https://recruiting2.ultipro.com/LAM1000LAC/JobBoard/82898216-ca7a-4621-b01b-bf3410c919b2/?q=&o=postedDateDesc
Lamar Advertising Company,Sales Account Executive,"ROCHESTER, NY",https://recruiting2.ultipro.com/LAM1000LAC/JobBoard/82898216-ca7a-4621-b01b-bf3410c919b2/OpportunityDetail?opportunityId=9a3327e7-7936-46c8-844a-88d58d0cbe9d,2026-08-24,yes,https://recruiting2.ultipro.com/LAM1000LAC/JobBoard/82898216-ca7a-4621-b01b-bf3410c919b2/?q=&o=postedDateDesc
Lamar Advertising Company,Airport Advertising Manager,"Des Moines, IA",https://recruiting2.ultipro.com/LAM1000LAC/JobBoard/82898216-ca7a-4621-b01b-bf3410c919b2/OpportunityDetail?opportunityId=6f14643e-1979-4feb-bb83-8c337813e900,2026-08-22,no,https://recruiting2.ultipro.com/LAM1000LAC/JobBoard/82898216-ca7a-4621-b01b-bf3410c919b2/?q=&o=postedDateDesc
Lamar Advertising Company,Construction - Billboard Installer,"WILLIAMSPORT, PA",https://recruiting2.ultipro.com/LAM1000LAC/JobBoard/82898216-ca7a-4621-b01b-bf3410c919b2/OpportunityDetail?opportunityId=9df62419-65e6-4b22-9621-64769248309f,2026-08-21,no,https://recruiting2.ultipro.com/LAM1000LAC/JobBoard/82898216-ca7a-4621-b01b-bf3410c919b2/?q=&o=postedDateDesc
Lamar Advertising Company,Construction - Billboard Installer,"MONTGOMERY, AL",https://recruiting2.ultipro.com/LAM1000LAC/JobBoard/82898216-ca7a-4621-b01b-bf3410c919b2/OpportunityDetail?opportunityId=dc9d6a97-725c-4471-b404-4279578bd525,2026-08-20,no,https://recruiting2.ultipro.com/LAM1000LAC/JobBoard/82898216-ca7a-4621-b01b-bf3410c919b2/?q=&o=postedDateDesc
Lamar Advertising Company,Sales Account Executive,"EAST PROVIDENCE, RI",https://recruiting2.ultipro.com/LAM1000LAC/JobBoard/82898216-ca7a-4621-b01b-bf3410c919b2/OpportunityDetail?opportunityId=e158622f-cfa2-4664-819f-4b23fb370ce7,2026-08-20,yes,https://recruiting2.ultipro.com/LAM1000LAC/JobBoard/82898216-ca7a-4621-b01b-bf3410c919b2/?q=&o=postedDateDesc
Lamar Advertising Company,Real Estate Representative,"TOPEKA, KS",https://recruiting2.ultipro.com/LAM1000LAC/JobBoard/82898216-ca7a-4621-b01b-bf3410c919b2/OpportunityDetail?opportunityId=0d3c0831-4fc9-4470-8da2-f8a998f9e407,2026-08-18,no,https://recruiting2.ultipro.com/LAM1000LAC/JobBoard/82898216-ca7a-4621-b01b-bf3410c919b2/?q=&o=postedDateDesc
Lamar Advertising Company,Construction - Billboard Installer,"JACKSON, TN",https://recruiting2.ultipro.com/LAM1000LAC/JobBoard/82898216-ca7a-4621-b01b-bf3410c919b2/OpportunityDetail?opportunityId=2cc01d46-e634-4f08-84d6-da8bf36d3d43,2026-08-18,no,https://recruiting2.ultipro.com/LAM1000LAC/JobBoard/82898216-ca7a-4621-b01b-bf3410c919b2/?q=&o=postedDateDesc
Lamar Advertising Company,Sales Account Executive,"MIDLAND, TX",https://recruiting2.ultipro.com/LAM1000LAC/JobBoard/82898216-ca7a-4621-b01b-bf3410c919b2/OpportunityDetail?opportunityId=e6d7597f-dbb9-40b9-bfe5-73d8e2824739,2026-08-17,yes,https://recruiting2.ultipro.com/LAM1000LAC/JobBoard/82898216-ca7a-4621-b01b-bf3410c919b2/?q=&o=postedDateDesc
Lamar Advertising Company,Construction - Billboard Installer,"PADUCAH, KY",https://recruiting2.ultipro.com/LAM1000LAC/JobBoard/82898216-ca7a-4621-b01b-bf3410c919b2/OpportunityDetail?opportunityId=f84e183a-0f8e-41f5-a6bc-8d534ee7488e,2026-08-13,no,https://recruiting2.ultipro.com/LAM1000LAC/JobBoard/82898216-ca7a-4621-b01b-bf3410c919b2/?q=&o=postedDateDesc
Lamar Advertising Company,Sales Account Executive,"Saint Charles, MO",https://recruiting2.ultipro.com/LAM1000LAC/JobBoard/82898216-ca7a-4621-b01b-bf3410c919b2/OpportunityDetail?opportunityId=39e98db0-ea26-49af-9771-c723ff5a3cc9,2026-08-06,yes,https://recruiting2.ultipro.com/LAM1000LAC/JobBoard/82898216-ca7a-4621-b01b-bf3410c919b2/?q=&o=postedDateDesc
Lamar Advertising Company,Construction - Billboard Installer,"ABILENE, TX",https://recruiting2.ultipro.com/LAM1000LAC/JobBoard/82898216-ca7a-4621-b01b-bf3410c919b2/OpportunityDetail?opportunityId=96fe0514-4962-4770-9c84-4d9a4a7747ac,2026-08-04,no,https://recruiting2.ultipro.com/LAM1000LAC/JobBoard/82898216-ca7a-4621-b01b-bf3410c919b2/?q=&o=postedDateDesc
Lamar Advertising Company,Sales Account Executive,"NASHVILLE, TN",https://recruiting2.ultipro.com/LAM1000LAC/JobBoard/82898216-ca7a-4621-b01b-bf3410c919b2/OpportunityDetail?opportunityId=27d028bf-c025-4414-8fd0-ca2f7120964e,2026-08-03,yes,https://recruiting2.ultipro.com/LAM1000LAC/JobBoard/82898216-ca7a-4621-b01b-bf3410c919b2/?q=&o=postedDateDesc
Lamar Advertising Company,Construction - Billboard Installer,"OSAGE BEACH, MO",https://recruiting2.ultipro.com/LAM1000LAC/JobBoard/82898216-ca7a-4621-b01b-bf3410c919b2/OpportunityDetail?opportunityId=f6b695ee-e7ad-42d7-8a77-f9ed0ea5aeef,2026-07-28,no,https://recruiting2.ultipro.com/LAM1000LAC/JobBoard/82898216-ca7a-4621-b01b-bf3410c919b2/?q=&o=postedDateDesc
Lamar Advertising Company,Sales Account Executive,"PEARL, MS",https://recruiting2.ultipro.com/LAM1000LAC/JobBoard/82898216-ca7a-4621-b01b-bf3410c919b2/OpportunityDetail?opportunityId=570af94b-faa4-448d-b518-a79a9b45c931,2026-07-24,yes,https://recruiting2.ultipro.com/LAM1000LAC/JobBoard/82898216-ca7a-4621-b01b-bf3410c919b2/?q=&o=postedDateDesc
Lamar Advertising Company,Sales Account Executive,"SAVANNAH, GA",https://recruiting2.ultipro.com/LAM1000LAC/JobBoard/82898216-ca7a-4621-b01b-bf3410c919b2/OpportunityDetail?opportunityId=c2a75c1c-96d6-4a8d-ad6f-f52ee59a9da1,2026-07-23,yes,https://recruiting2.ultipro.com/LAM1000LAC/JobBoard/82898216-ca7a-4621-b01b-bf3410c919b2/?q=&o=postedDateDesc
Lamar Advertising Company,Construction - Billboard Installer,"Great Falls, MT",https://recruiting2.ultipro.com/LAM1000LAC/JobBoard/82898216-ca7a-4621-b01b-bf3410c919b2/OpportunityDetail?opportunityId=0791adbc-2195-40df-9830-81ee3d561e35,2026-07-14,no,https://recruiting2.ultipro.com/LAM1000LAC/JobBoard/82898216-ca7a-4621-b01b-bf3410c919b2/?q=&o=postedDateDesc
Lamar Advertising Company,Construction - Billboard Installer,"Columbus, OH",https://recruiting2.ultipro.com/LAM1000LAC/JobBoard/82898216-ca7a-4621-b01b-bf3410c919b2/OpportunityDetail?opportunityId=6b2bb105-602d-4b02-95d5-eca79a028c26,2026-07-13,no,https://recruiting2.ultipro.com/LAM1000LAC/JobBoard/82898216-ca7a-4621-b01b-bf3410c919b2/?q=&o=postedDateDesc
Lamar Advertising Company,Construction - Billboard Installer,"DUBUQUE, IA",https://recruiting2.ultipro.com/LAM1000LAC/JobBoard/82898216-ca7a-4621-b01b-bf3410c919b2/OpportunityDetail?opportunityId=16c42e7a-390c-4b5d-9291-d799f6f91286,2026-07-09,no,https://recruiting2.ultipro.com/LAM1000LAC/JobBoard/82898216-ca7a-4621-b01b-bf3410c919b2/?q=&o=postedDateDesc
Lamar Advertising Company,Sales Account Executive,"Buckhannon, WV",https://recruiting2.ultipro.com/LAM1000LAC/JobBoard/82898216-ca7a-4621-b01b-bf3410c919b2/OpportunityDetail?opportunityId=2f2ca29d-125d-4dda-b927-2f5cd16c17ab,2026-06-26,yes,https://recruiting2.ultipro.com/LAM1000LAC/JobBoard/82898216-ca7a-4621-b01b-bf3410c919b2/?q=&o=postedDateDesc
Lamar Advertising Company,Construction - Billboard Installer,"GIRARD, OH",https://recruiting2.ultipro.com/LAM1000LAC/JobBoard/82898216-ca7a-4621-b01b-bf3410c919b2/OpportunityDetail?opportunityId=634900a4-590e-4dc6-9438-063f5a9e484e,2026-06-24,no,https://recruiting2.ultipro.com/LAM1000LAC/JobBoard/82898216-ca7a-4621-b01b-bf3410c919b2/?q=&o=postedDateDesc
Lamar Advertising Company,Advertising Installer,"Phoenix, AZ",https://recruiting2.ultipro.com/LAM1000LAC/JobBoard/82898216-ca7a-4621-b01b-bf3410c919b2/OpportunityDetail?opportunityId=409c95cc-0238-490e-974d-cf6b8d22f3f9,2026-06-24,no,https://recruiting2.ultipro.com/LAM1000LAC/JobBoard/82898216-ca7a-4621-b01b-bf3410c919b2/?q=&o=postedDateDesc
Lamar Advertising Company,Airport Advertising Manager,"Morrisville, NC",https://recruiting2.ultipro.com/LAM1000LAC/JobBoard/82898216-ca7a-4621-b01b-bf3410c919b2/OpportunityDetail?opportunityId=2ea0954e-97b1-4624-b83d-61f1c52c9096,2026-06-22,no,https://recruiting2.ultipro.com/LAM1000LAC/JobBoard/82898216-ca7a-4621-b01b-bf3410c919b2/?q=&o=postedDateDesc
Lamar Advertising Company,Construction - Billboard Installer,"MUSKEGON, MI",https://recruiting2.ultipro.com/LAM1000LAC/JobBoard/82898216-ca7a-4621-b01b-bf3410c919b2/OpportunityDetail?opportunityId=87119c0e-e34e-440a-8bd4-44cf99d4d9b5,2026-06-22,no,https://recruiting2.ultipro.com/LAM1000LAC/JobBoard/82898216-ca7a-4621-b01b-bf3410c919b2/?q=&o=postedDateDesc
Lamar Advertising Company,Construction - Billboard Installer,"TULSA, OK",https://recruiting2.ultipro.com/LAM1000LAC/JobBoard/82898216-ca7a-4621-b01b-bf3410c919b2/OpportunityDetail?opportunityId=ba03f6a5-5840-4d8f-85df-e14c33f82601,2026-06-18,no,https://recruiting2.ultipro.com/LAM1000LAC/JobBoard/82898216-ca7a-4621-b01b-bf3410c919b2/?q=&o=postedDateDesc
Lamar Advertising Company,Graphic Designer,"TULSA, OK",https://recruiting2.ultipro.com/LAM1000LAC/JobBoard/82898216-ca7a-4621-b01b-bf3410c919b2/OpportunityDetail?opportunityId=43264cf3-c644-4d67-bf41-c3c01b450234,2026-06-18,no,https://recruiting2.ultipro.com/LAM1000LAC/JobBoard/82898216-ca7a-4621-b01b-bf3410c919b2/?q=&o=postedDateDesc
Lamar Advertising Company,Sales Account Executive,"Buffalo, NY",https://recruiting2.ultipro.com/LAM1000LAC/JobBoard/82898216-ca7a-4621-b01b-bf3410c919b2/OpportunityDetail?opportunityId=2cc3fb39-526b-4980-ace1-6efdc18e4b07,2026-05-13,yes,https://recruiting2.ultipro.com/LAM1000LAC/JobBoard/82898216-ca7a-4621-b01b-bf3410c919b2/?q=&o=postedDateDesc
Lamar Advertising Company,Construction - Billboard Installer,"LATHAM, NY",https://recruiting2.ultipro.com/LAM1000LAC/JobBoard/82898216-ca7a-4621-b01b-bf3410c919b2/OpportunityDetail?opportunityId=3615b4cc-19a9-4773-b2f2-9160e8140011,2026-05-04,no,https://recruiting2.ultipro.com/LAM1000LAC/JobBoard/82898216-ca7a-4621-b01b-bf3410c919b2/?q=&o=postedDateDesc
Lamar Advertising Company,Sales Account Executive,"WOLFFORTH, TX",https://recruiting2.ultipro.com/LAM1000LAC/JobBoard/82898216-ca7a-4621-b01b-bf3410c919b2/OpportunityDetail?opportunityId=9218fa9a-24ad-40b4-85a1-0d8a7e6b6b6c,2026-04-16,yes,https://recruiting2.ultipro.com/LAM1000LAC/JobBoard/82898216-ca7a-4621-b01b-bf3410c919b2/?q=&o=postedDateDesc
Lamar Advertising Company,Sales Account Executive,"DUNCANSVILLE, PA",https://recruiting2.ultipro.com/LAM1000LAC/JobBoard/82898216-ca7a-4621-b01b-bf3410c919b2/OpportunityDetail?opportunityId=dbb18298-b04a-48f7-832d-0cd8d0b3c8ef,2026-04-15,yes,https://recruiting2.ultipro.com/LAM1000LAC/JobBoard/82898216-ca7a-4621-b01b-bf3410c919b2/?q=&o=postedDateDesc
Lamar Advertising Company,Sales Account Executive,"READING, PA",https://recruiting2.ultipro.com/LAM1000LAC/JobBoard/82898216-ca7a-4621-b01b-bf3410c919b2/OpportunityDetail?opportunityId=4ca8dcf9-964c-4e42-be83-39ba313ea072,2026-03-23,yes,https://recruiting2.ultipro.com/LAM1000LAC/JobBoard/82898216-ca7a-4621-b01b-bf3410c919b2/?q=&o=postedDateDesc
Lamar Advertising Company,Transit Sales Account Executive,"Phoenix, AZ",https://recruiting2.ultipro.com/LAM1000LAC/JobBoard/82898216-ca7a-4621-b01b-bf3410c919b2/OpportunityDetail?opportunityId=90ff5ac0-834c-46f9-87fe-bc10b42b4d4e,2026-01-30,yes,https://recruiting2.ultipro.com/LAM1000LAC/JobBoard/82898216-ca7a-4621-b01b-bf3410c919b2/?q=&o=postedDateDesc
Lamar Advertising Company,Sales Account Executive,"READING, PA",https://recruiting2.ultipro.com/LAM1000LAC/JobBoard/82898216-ca7a-4621-b01b-bf3410c919b2/OpportunityDetail?opportunityId=35c27127-185b-40aa-8d25-d7c472f962df,2025-12-30,yes,https://recruiting2.ultipro.com/LAM1000LAC/JobBoard/82898216-ca7a-4621-b01b-bf3410c919b2/?q=&o=postedDateDesc
Medical Properties Trust,"Senior of Accounting, International","Birmingham, AL",https://www.medicalpropertiestrust.com/job-listing/senior-of-accounting-international,,no,https://www.medicalpropertiestrust.com/careers
Medical Properties Trust,"Senior of Accounting, Domestic","Birmingham, AL",https://www.medicalpropertiestrust.com/job-listing/senior-of-accounting-domestic,,no,https://www.medicalpropertiestrust.com/careers
Medical Properties Trust,Corporate Accountant,"Birmingham, AL",https://www.medicalpropertiestrust.com/job-listing/corporate-accountant,,no,https://www.medicalpropertiestrust.com/careers
Real Property Management,Copia - Técnico de mantenimiento,,https://jobs.realpropertymgt.com/es/copia-técnico-de-mantenimiento/job/AD774401E6F92EC8550CD2C37DD6182C,,no,https://jobs.realpropertymgt.com/jobs
Real Property Management,Level I Maintenance Technician,,https://jobs.realpropertymgt.com/level-i-maintenance-technician/job/AE1641C5ED39B5D17FAF24C8285A2D17,,no,https://jobs.realpropertymgt.com/jobs
Real Property Management,Copia - Copia - Técnico de mantenimiento,,https://jobs.realpropertymgt.com/es/copia-copia-técnico-de-mantenimiento/job/CFE4AEBD16A542D8A876589E690AC86C,,no,https://jobs.realpropertymgt.com/jobs
Real Property Management,Assistant Maintenance Manager,,https://jobs.realpropertymgt.com/assistant-maintenance-manager/job/47383717CCFE924895A079A446D61CC3,,no,https://jobs.realpropertymgt.com/jobs
Real Property Management,Copia - Copia - Técnico de mantenimiento,,https://jobs.realpropertymgt.com/es/copia-copia-técnico-de-mantenimiento/job/C9C62468A86A635EC1CC42478B40CCF9,,no,https://jobs.realpropertymgt.com/jobs
Real Property Management,Assistant Maintenance Manager,,https://jobs.realpropertymgt.com/assistant-maintenance-manager/job/651341ABAE7F4AAE0119DEE63FB35F13,,no,https://jobs.realpropertymgt.com/jobs
Real Property Management,General Manager,,https://jobs.realpropertymgt.com/general-manager/job/A46A7D5399A393698A3BE59A8EB81E2A,,no,https://jobs.realpropertymgt.com/jobs
Real Property Management,Maintenance Coordinator,,https://jobs.realpropertymgt.com/maintenance-coordinator/job/B91B29BA64C587593F2287D6FBC87F63,,no,https://jobs.realpropertymgt.com/jobs
Real Property Management,Assistant Property Manager - Entry Level,,https://jobs.realpropertymgt.com/assistant-property-manager-entry-level/job/A19B2C094299E7F49528AC085B4BF9F8,,no,https://jobs.realpropertymgt.com/jobs
Real Property Management,Copia - Técnico de mantenimiento,,https://jobs.realpropertymgt.com/es/copia-técnico-de-mantenimiento/job/FE110CC14C109FC212E935887E489EF7,,no,https://jobs.realpropertymgt.com/jobs
Real Property Management,Handyman - Kansas City Metro,,https://jobs.realpropertymgt.com/handyman-kansas-city-metro/job/3D6DD9C353ACBB184F6508185DDFEC14,,no,https://jobs.realpropertymgt.com/jobs
Real Property Management,Copia - Técnico de mantenimiento,,https://jobs.realpropertymgt.com/es/copia-técnico-de-mantenimiento/job/8C56594AAAFDD1699F2BA0BC0F7FF9EF,,no,https://jobs.realpropertymgt.com/jobs
Real Property Management,Handyman - Kansas City Metro,,https://jobs.realpropertymgt.com/handyman-kansas-city-metro/job/CB845CFCA798ACD820B56F307EC4ECF8,,no,https://jobs.realpropertymgt.com/jobs
Real Property Management,Técnico de mantenimiento,,https://jobs.realpropertymgt.com/es/técnico-de-mantenimiento/job/0C95663F605EBEDA5B96F24DE282ECFA,,no,https://jobs.realpropertymgt.com/jobs
Real Property Management,Property Maintenance Technician,,https://jobs.realpropertymgt.com/property-maintenance-technician/job/63265D5165175221B1AE21D68CB3C146,,no,https://jobs.realpropertymgt.com/jobs
Real Property Management,Técnico de mantenimiento,,https://jobs.realpropertymgt.com/es/técnico-de-mantenimiento/job/78DB52803032FD28689C57FC87B978F2,,no,https://jobs.realpropertymgt.com/jobs
Real Property Management,Property Maintenance Technician,,https://jobs.realpropertymgt.com/property-maintenance-technician/job/0360C414571FFBC3C31E1E23CF07A3C8,,no,https://jobs.realpropertymgt.com/jobs
Real Property Management,Copia - Técnico de mantenimiento,,https://jobs.realpropertymgt.com/es/copia-técnico-de-mantenimiento/job/0A87A73B11067AF6DBB3536E3F70C16D,,no,https://jobs.realpropertymgt.com/jobs
Real Property Management,Maintenance Work Order Coordinator,,https://jobs.realpropertymgt.com/maintenance-work-order-coordinator/job/5B7076246AE0E75B392994A88DD4E7A6,,no,https://jobs.realpropertymgt.com/jobs
Real Property Management,Copia - Técnico de mantenimiento,,https://jobs.realpropertymgt.com/es/copia-técnico-de-mantenimiento/job/BDD552489AEB6440E6ED2DBEF23C9C19,,no,https://jobs.realpropertymgt.com/jobs
Real Property Management,Maintenance Work Order Coordinator,,https://jobs.realpropertymgt.com/maintenance-work-order-coordinator/job/6401F0C7333F5DAC5137F2C150B5DFAF,,no,https://jobs.realpropertymgt.com/jobs
Real Property Management,Copia - Técnico de mantenimiento,,https://jobs.realpropertymgt.com/es/copia-técnico-de-mantenimiento/job/C0EA8269BAAFD3CC0D087EFD6543BADB,,no,https://jobs.realpropertymgt.com/jobs
Real Property Management,Maintenance Work Order Coordinator,,https://jobs.realpropertymgt.com/maintenance-work-order-coordinator/job/ABA5C5ADCB79A017F0683CBF91FC6A8B,,no,https://jobs.realpropertymgt.com/jobs
Real Property Management,Assistant Property Manager,,https://jobs.realpropertymgt.com/assistant-property-manager/job/E7823A19C752D16C23BFF9DE273E3BFB,,no,https://jobs.realpropertymgt.com/jobs
Real Property Management,Técnico de mantenimiento,,https://jobs.realpropertymgt.com/es/técnico-de-mantenimiento/job/6D6FE1F1D540DB75FAF0C8B8EF4CA3D7,,no,https://jobs.realpropertymgt.com/jobs
Real Property Management,Maintenance Technician,,https://jobs.realpropertymgt.com/maintenance-technician/job/0BC9FE06879F29C8E62DCD25E1F566DC,,no,https://jobs.realpropertymgt.com/jobs
Real Property Management,Agente de arrendamiento,,https://jobs.realpropertymgt.com/es/agente-de-arrendamiento/job/F009D0A60CD3E85D56054471E17DC6F3,,no,https://jobs.realpropertymgt.com/jobs
Real Property Management,Leasing Agent,,https://jobs.realpropertymgt.com/leasing-agent/job/BF699FFDC9FA172B8188EF9BE337C2D3,,no,https://jobs.realpropertymgt.com/jobs
Real Property Management,Copia - Técnico de mantenimiento,,https://jobs.realpropertymgt.com/es/copia-técnico-de-mantenimiento/job/F51CA28B606B81B2E567D6E419B3C2E8,,no,https://jobs.realpropertymgt.com/jobs
Real Property Management,Rental Property Support Person,,https://jobs.realpropertymgt.com/rental-property-support-person/job/BE288386AEC7B6E57A96F2CBB7AD4ABD,,no,https://jobs.realpropertymgt.com/jobs
Real Property Management,Administrador de fincas,,https://jobs.realpropertymgt.com/es/administrador-de-fincas/job/221E3692ED9966631426B58CD7A6A8C6,,no,https://jobs.realpropertymgt.com/jobs
Real Property Management,Property Manager,,https://jobs.realpropertymgt.com/property-manager/job/76A8C8631390B6979CDFB6B8E2895590,,no,https://jobs.realpropertymgt.com/jobs
Real Property Management,Copia - Técnico de mantenimiento,,https://jobs.realpropertymgt.com/es/copia-técnico-de-mantenimiento/job/F98697E2AA46F2977E44C636C04314A6,,no,https://jobs.realpropertymgt.com/jobs
Real Property Management,Handyman - Kansas City Metro,,https://jobs.realpropertymgt.com/handyman-kansas-city-metro/job/8F3A20632D1DD9A844CC51C33BD98CE9,,no,https://jobs.realpropertymgt.com/jobs
Real Property Management,Maintenance Technician,,https://jobs.realpropertymgt.com/maintenance-technician/job/F24CE9B64E1275F1BFCC0830FD18D245,,no,https://jobs.realpropertymgt.com/jobs
Real Property Management,Técnico de mantenimiento,,https://jobs.realpropertymgt.com/es/técnico-de-mantenimiento/job/2D3E6AD8BEFF5BDD82AD368E2B614C42,,no,https://jobs.realpropertymgt.com/jobs
Real Property Management,Property Maintenance Technician,,https://jobs.realpropertymgt.com/property-maintenance-technician/job/7ACCF364AB1F897CE3D1CFCF63D55900,,no,https://jobs.realpropertymgt.com/jobs
Real Property Management,Director de Desarrollo Empresarial,,https://jobs.realpropertymgt.com/es/director-de-desarrollo-empresarial/job/C014BED26A3BAFA8030B4AA2FBAF3A98,,no,https://jobs.realpropertymgt.com/jobs
Real Property Management,Business Development Manager- Property Management,,https://jobs.realpropertymgt.com/business-development-manager-property-management/job/05F8B179879EB9CDF2793841F24B72A6,,yes,https://jobs.realpropertymgt.com/jobs
Real Property Management,Business Development & Outside Sales,,https://jobs.realpropertymgt.com/business-development-outside-sales/job/1F4608B7258679D62474783EEBF83E89,,yes,https://jobs.realpropertymgt.com/jobs
Real Property Management,Administrador de fincas,,https://jobs.realpropertymgt.com/es/administrador-de-fincas/job/642AC3026C3B8A1A89C8E64F8BC3FF8E,,no,https://jobs.realpropertymgt.com/jobs
Real Property Management,Property Manager,,https://jobs.realpropertymgt.com/property-manager/job/8CEC696787629AD6394085216F461443,,no,https://jobs.realpropertymgt.com/jobs
Real Property Management,Assistant Property Readiness Coordinator (Entry Level),,https://jobs.realpropertymgt.com/assistant-property-readiness-coordinator-entry-level/job/AFB453ACFBD18FA228C9D7B669C41652,,no,https://jobs.realpropertymgt.com/jobs
Real Property Management,Assistant Property Readiness Coordinator (Entry Level),,https://jobs.realpropertymgt.com/assistant-property-readiness-coordinator-entry-level/job/4B2031E9E49FBDC68CCE48DB62BD5EC4,,no,https://jobs.realpropertymgt.com/jobs
Real Property Management,Assistant Property Readiness Coordinator (Entry Level),,https://jobs.realpropertymgt.com/assistant-property-readiness-coordinator-entry-level/job/152E0EC07FC5435A0D08A0EA3A1559DE,,no,https://jobs.realpropertymgt.com/jobs
WeWork,"Front Desk Associate, 120 West Trinity Place","Atlanta, GA United States of America",https://wework.wd1.myworkdayjobs.com/WeWork/job/Atlanta-GA-United-States-of-America/Front-Desk-Associate--120-West-Trinity-Place_JR-0064228,Posted Today,no,https://wework.wd1.myworkdayjobs.com/WeWork
WeWork,Community Associate - London,"London, United Kingdom",https://wework.wd1.myworkdayjobs.com/WeWork/job/London-United-Kingdom/Community-Associate_JR-0064220,Posted Today,no,https://wework.wd1.myworkdayjobs.com/WeWork
WeWork,"Community Lead, 2222 Ponce De Leon Blvd","Miami, FL United States of America",https://wework.wd1.myworkdayjobs.com/WeWork/job/Miami-FL-United-States-of-America/Community-Lead--2222-Ponce-De-Leon-Blvd_JR-0063776,Posted Today,no,https://wework.wd1.myworkdayjobs.com/WeWork
WeWork,Community Lead,"Munich, Germany",https://wework.wd1.myworkdayjobs.com/WeWork/job/Munich-Germany/Community-Lead_JR-0064216-1,Posted Today,no,https://wework.wd1.myworkdayjobs.com/WeWork
WeWork,"Community Lead, Sydney","Sydney, Australia",https://wework.wd1.myworkdayjobs.com/WeWork/job/Sydney-Australia/Community-Lead--Sydney_JR-0064212-1,Posted Today,no,https://wework.wd1.myworkdayjobs.com/WeWork
WeWork,"Community Barista Lead, Salesforce Tower","San Francisco, CA United States of America",https://wework.wd1.myworkdayjobs.com/WeWork/job/San-Francisco-CA-United-States-of-America/Community--Barista--San-Francisco-_JR-0064105,Posted Yesterday,no,https://wework.wd1.myworkdayjobs.com/WeWork
WeWork,"Community Associate, 1155 Perimeter Center West","Atlanta, GA United States of America",https://wework.wd1.myworkdayjobs.com/WeWork/job/Atlanta-GA-United-States-of-America/Community-Associate--1155-Perimeter-Center-West_JR-0064198,Posted 4 Days Ago,no,https://wework.wd1.myworkdayjobs.com/WeWork
WeWork,Community Associate,"Buenos Aires, Argentina",https://wework.wd1.myworkdayjobs.com/WeWork/job/Buenos-Aires-Argentina/Community-Associate_JR-0064209,Posted 5 Days Ago,no,https://wework.wd1.myworkdayjobs.com/WeWork
WeWork,"Lead, Email Marketing","Mexico City, Mexico",https://wework.wd1.myworkdayjobs.com/WeWork/job/Mexico-City-Mexico/Lead--Email-Marketing_JR-0064210,Posted 5 Days Ago,yes,https://wework.wd1.myworkdayjobs.com/WeWork
WeWork,Facilities Manager,"Mexico City, Mexico",https://wework.wd1.myworkdayjobs.com/WeWork/job/Mexico-City-Mexico/Facilities-Manager_JR-0064211,Posted 5 Days Ago,no,https://wework.wd1.myworkdayjobs.com/WeWork
WeWork,Front Desk Associate,"Medellín, Colombia",https://wework.wd1.myworkdayjobs.com/WeWork/job/Medelln-Colombia/Front-Desk-Associate_JR-0064215,Posted 5 Days Ago,no,https://wework.wd1.myworkdayjobs.com/WeWork
WeWork,"Front Desk Associate, Brickell City Centre","Miami, FL United States of America",https://wework.wd1.myworkdayjobs.com/WeWork/job/Miami-FL-United-States-of-America/Front-Desk-Associate--Brickell-City-Centre_JR-0064197,Posted 5 Days Ago,no,https://wework.wd1.myworkdayjobs.com/WeWork
WeWork,"Leasing Manager, Boston","Boston, MA United States of America",https://wework.wd1.myworkdayjobs.com/WeWork/job/Boston-MA-United-States-of-America/Leasing-Manager--Boston_JR-0064135-1,Posted 5 Days Ago,no,https://wework.wd1.myworkdayjobs.com/WeWork
WeWork,Community Associate,Singapore,https://wework.wd1.myworkdayjobs.com/WeWork/job/Singapore/Community-Associate_JR-0064199,Posted 6 Days Ago,no,https://wework.wd1.myworkdayjobs.com/WeWork
WeWork,"Art Director, Motion","New York, NY United States of America",https://wework.wd1.myworkdayjobs.com/WeWork/job/New-York-NY-United-States-of-America/Principal-Designer--Motion_JR-0064047-1,Posted 7 Days Ago,no,https://wework.wd1.myworkdayjobs.com/WeWork
WeWork,Community Lead,"Mexico City, Mexico",https://wework.wd1.myworkdayjobs.com/WeWork/job/Mexico-City-Mexico/Community-Lead_JR-0064194,Posted 7 Days Ago,no,https://wework.wd1.myworkdayjobs.com/WeWork
WeWork,Analista de Facilities Pleno,"São Paulo, Brazil",https://wework.wd1.myworkdayjobs.com/WeWork/job/So-Paulo-Brazil/Facilities-Lead_JR-0064138,Posted 8 Days Ago,no,https://wework.wd1.myworkdayjobs.com/WeWork
WeWork,"Senior Manager, Security Operations","Mexico City, Mexico",https://wework.wd1.myworkdayjobs.com/WeWork/job/Mexico-City-Mexico/Senior-Manager--Security-Operations_JR-0064192,Posted 8 Days Ago,no,https://wework.wd1.myworkdayjobs.com/WeWork
WeWork,"Community Associate, 901 Woodland St","Nashville, TN United States of America",https://wework.wd1.myworkdayjobs.com/WeWork/job/Nashville-TN-United-States-of-America/Community-Associate--901-Woodland-St_JR-0064181,Posted 8 Days Ago,no,https://wework.wd1.myworkdayjobs.com/WeWork
WeWork,"Senior Manager, Security Operations","São Paulo, Brazil",https://wework.wd1.myworkdayjobs.com/WeWork/job/So-Paulo-Brazil/Senior-Manager--Security-Operations_JR-0064193,Posted 8 Days Ago,no,https://wework.wd1.myworkdayjobs.com/WeWork
WeWork,Leasing Associate,"Bogotá, Colombia",https://wework.wd1.myworkdayjobs.com/WeWork/job/Bogot-Colombia/Leasing-Associate_JR-0064191,Posted 8 Days Ago,no,https://wework.wd1.myworkdayjobs.com/WeWork
WeWork,"Lead, Integrated Marketing","New York, NY United States of America",https://wework.wd1.myworkdayjobs.com/WeWork/job/New-York-NY-United-States-of-America/Lead--Integrated-Marketing_JR-0064161-1,Posted 8 Days Ago,yes,https://wework.wd1.myworkdayjobs.com/WeWork
WeWork,"Project Manager, Creative Operations","New York, NY United States of America",https://wework.wd1.myworkdayjobs.com/WeWork/job/New-York-NY-United-States-of-America/Project-Manager--Creative-Operations_JR-0064032,Posted 8 Days Ago,no,https://wework.wd1.myworkdayjobs.com/WeWork
WeWork,"Community Associate, L'Avenue (Montreal)","Montréal, Quebec Canada",https://wework.wd1.myworkdayjobs.com/WeWork/job/Montral-Quebec-Canada/Community-Associate--L-Avenue--Montreal-_JR-0064187,Posted 11 Days Ago,no,https://wework.wd1.myworkdayjobs.com/WeWork
WeWork,"Community Lead, L'Avenue (Montreal)","Montréal, Quebec Canada",https://wework.wd1.myworkdayjobs.com/WeWork/job/Montral-Quebec-Canada/Community-Lead--L-Avenue--Montreal-_JR-0064188,Posted 11 Days Ago,no,https://wework.wd1.myworkdayjobs.com/WeWork
WeWork,Community Associate,"Medellín, Colombia",https://wework.wd1.myworkdayjobs.com/WeWork/job/Medelln-Colombia/Community-Associate_JR-0064185,Posted 12 Days Ago,no,https://wework.wd1.myworkdayjobs.com/WeWork
WeWork,"Leasing Associate, San Francisco","San Francisco, CA United States of America",https://wework.wd1.myworkdayjobs.com/WeWork/job/San-Francisco-CA-United-States-of-America/Leasing-Associate--West_JR-0064061,Posted 12 Days Ago,no,https://wework.wd1.myworkdayjobs.com/WeWork
WeWork,"Senior Lead, Payroll, Travel & Expense","New York, NY United States of America",https://wework.wd1.myworkdayjobs.com/WeWork/job/New-York-NY-United-States-of-America/Senior-Lead--Payroll--Travel---Expense_JR-0063575,Posted 12 Days Ago,no,https://wework.wd1.myworkdayjobs.com/WeWork
WeWork,"Community Associate, 524 Broadway","New York, NY United States of America",https://wework.wd1.myworkdayjobs.com/WeWork/job/New-York-NY-United-States-of-America/Community-Associate--524-Broadway_JR-0064180,Posted 13 Days Ago,no,https://wework.wd1.myworkdayjobs.com/WeWork
WeWork,"Community Lead, Campus at Warner (Woodland Hills)","Woodland Hills, CA United States of America",https://wework.wd1.myworkdayjobs.com/WeWork/job/Woodland-Hills-CA-United-States-of-America/Community-Lead--Campus-at-Warner--Woodland-Hills-_JR-0064183-1,Posted 13 Days Ago,no,https://wework.wd1.myworkdayjobs.com/WeWork
WeWork,"Community Lead, Place Ville Marie (Montreal)","Montréal, Quebec Canada",https://wework.wd1.myworkdayjobs.com/WeWork/job/Montral-Quebec-Canada/Community-Lead--Place-Ville-Marie--Montreal-_JR-0064176,Posted 13 Days Ago,no,https://wework.wd1.myworkdayjobs.com/WeWork
WeWork,"Front Desk Associate, L'Avenue (Montreal)","Montréal, Quebec Canada",https://wework.wd1.myworkdayjobs.com/WeWork/job/Montral-Quebec-Canada/Front-Desk-Associate--L-Avenue--Montreal-_JR-0064175,Posted 14 Days Ago,no,https://wework.wd1.myworkdayjobs.com/WeWork
WeWork,"Community Associate, 511 5th Ave","New York, NY United States of America",https://wework.wd1.myworkdayjobs.com/WeWork/job/New-York-NY-United-States-of-America/Community-Associate--511-5th-Ave_JR-0064171,Posted 14 Days Ago,no,https://wework.wd1.myworkdayjobs.com/WeWork
WeWork,"Community Lead, 901 North Glebe Road","Arlington, VA United States of America",https://wework.wd1.myworkdayjobs.com/WeWork/job/Arlington-VA-United-States-of-America/Community-Lead--901-North-Glebe-Road_JR-0064172,Posted 14 Days Ago,no,https://wework.wd1.myworkdayjobs.com/WeWork
WeWork,Community Associate (FTC),"Madrid, Spain",https://wework.wd1.myworkdayjobs.com/WeWork/job/Madrid-Spain/Community-Associate_JR-0064156,Posted 14 Days Ago,no,https://wework.wd1.myworkdayjobs.com/WeWork
WeWork,Interior Design Lead (Mid-weight Interior Designer),"London, United Kingdom",https://wework.wd1.myworkdayjobs.com/WeWork/job/London-United-Kingdom/Interior-Design-Lead--Mid-weight-Interior-Designer-_JR-0063996,Posted 14 Days Ago,no,https://wework.wd1.myworkdayjobs.com/WeWork
WeWork,"Leasing Manager, Las Vegas","Las Vegas, NV United States of America",https://wework.wd1.myworkdayjobs.com/WeWork/job/Las-Vegas-NV-United-States-of-America/Leasing-Manager--Las-Vegas_JR-0063900,Posted 15 Days Ago,no,https://wework.wd1.myworkdayjobs.com/WeWork
WeWork,"Community Associate, Seoul - 12 months contract","Seoul, Republic of Korea",https://wework.wd1.myworkdayjobs.com/WeWork/job/Seoul-Republic-of-Korea/Community-Associate--Seoul---12-months-contract_JR-0064169,Posted 15 Days Ago,no,https://wework.wd1.myworkdayjobs.com/WeWork
WeWork,"Leasing Associate, London","London, United Kingdom",https://wework.wd1.myworkdayjobs.com/WeWork/job/London-United-Kingdom/Leasing-Associate_JR-0064149,Posted 18 Days Ago,no,https://wework.wd1.myworkdayjobs.com/WeWork
WeWork,"Leasing Manager, Milan","Milan, Italy",https://wework.wd1.myworkdayjobs.com/WeWork/job/Milan-Italy/Leasing-Manager--Milan_JR-0064170,Posted 18 Days Ago,no,https://wework.wd1.myworkdayjobs.com/WeWork
WeWork,Community Associate,"Milan, Italy",https://wework.wd1.myworkdayjobs.com/WeWork/job/Milan-Italy/Community-Associate_JR-0064165,Posted 18 Days Ago,no,https://wework.wd1.myworkdayjobs.com/WeWork
WeWork,"Senior Manager, Corporate Communications, International","London, United Kingdom",https://wework.wd1.myworkdayjobs.com/WeWork/job/London-United-Kingdom/Senior-Manager--Corporate-Communications--International_JR-0064153,Posted 18 Days Ago,no,https://wework.wd1.myworkdayjobs.com/WeWork
WeWork,"Community Lead, Bentall 2 (Vancouver)","Vancouver, British Columbia Canada",https://wework.wd1.myworkdayjobs.com/WeWork/job/Vancouver-British-Columbia-Canada/Community-Lead--Bentall-2--Vancouver-_JR-0064162,Posted 19 Days Ago,no,https://wework.wd1.myworkdayjobs.com/WeWork
WeWork,"Community Lead, 625 Mass Ave","Cambridge, MA United States of America",https://wework.wd1.myworkdayjobs.com/WeWork/job/Cambridge-MA-United-States-of-America/Community-Lead--625-Mass-Ave_JR-0064163,Posted 19 Days Ago,no,https://wework.wd1.myworkdayjobs.com/WeWork
WeWork,"Community Lead, One Lincoln Street","Boston, MA United States of America",https://wework.wd1.myworkdayjobs.com/WeWork/job/Boston-MA-United-States-of-America/Community-Lead--One-Lincoln-Street_JR-0064164,Posted 19 Days Ago,no,https://wework.wd1.myworkdayjobs.com/WeWork
WeWork,"Community Lead, 148 Lafayette St","New York, NY United States of America",https://wework.wd1.myworkdayjobs.com/WeWork/job/New-York-NY-United-States-of-America/Community-Lead--148-Lafayette-St_JR-0064167,Posted 19 Days Ago,no,https://wework.wd1.myworkdayjobs.com/WeWork
WeWork,"Part-Time Community Associate, 800 N High Street","Columbus, OH United States of America",https://wework.wd1.myworkdayjobs.com/WeWork/job/Columbus-OH-United-States-of-America/Part-Time-Community-Associate--800-N-High-Street_JR-0064131,Posted 19 Days Ago,no,https://wework.wd1.myworkdayjobs.com/WeWork
WeWork,Sales Development Representative - SEA & Australia (Vietnamese Speaking),Singapore,https://wework.wd1.myworkdayjobs.com/WeWork/job/Singapore/Sales-Development-Representative---SEA---Australia--Vietnamese-Speaking-_JR-0064152,Posted 19 Days Ago,yes,https://wework.wd1.myworkdayjobs.com/WeWork
WeWork,"Part-Time Front Desk Associate, 12130 Millennium Dr (Los Angeles)","Los Angeles, CA United States of America",https://wework.wd1.myworkdayjobs.com/WeWork/job/Los-Angeles-CA-United-States-of-America/Part-Time-Front-Desk-Associate--12130-Millennium-Dr--Los-Angeles-_JR-0064136,Posted 21 Days Ago,no,https://wework.wd1.myworkdayjobs.com/WeWork
WeWork,"Contracts Manager, SEA and Australia",Singapore,https://wework.wd1.myworkdayjobs.com/WeWork/job/Singapore/Contracts-Manager--SEA-and-Australia_JR-0064147,Posted 21 Days Ago,no,https://wework.wd1.myworkdayjobs.com/WeWork
WeWork,"Front Desk Associate, Dublin","Dublin, Ireland",https://wework.wd1.myworkdayjobs.com/WeWork/job/Dublin-Ireland/Front-Desk-Associate_JR-0063801,Posted 25 Days Ago,no,https://wework.wd1.myworkdayjobs.com/WeWork
WeWork,"Community Lead, Clearfork (Fort Worth)","Fort Worth, TX United States of America",https://wework.wd1.myworkdayjobs.com/WeWork/job/Fort-Worth-TX-United-States-of-America/Community-Lead--Clearfork--Fort-Worth-_JR-0064116,Posted 26 Days Ago,no,https://wework.wd1.myworkdayjobs.com/WeWork
WeWork,"Community Associate, One Beacon Street","Boston, MA United States of America",https://wework.wd1.myworkdayjobs.com/WeWork/job/Boston-MA-United-States-of-America/Community-Associate--One-Beacon-Street_JR-0064119-1,Posted 26 Days Ago,no,https://wework.wd1.myworkdayjobs.com/WeWork
WeWork,"Community Lead, Singapore",Singapore,https://wework.wd1.myworkdayjobs.com/WeWork/job/Singapore/Community-Lead--Singapore_JR-0064109,Posted 26 Days Ago,no,https://wework.wd1.myworkdayjobs.com/WeWork
WeWork,Front Desk Associate,"Buenos Aires, Argentina",https://wework.wd1.myworkdayjobs.com/WeWork/job/Buenos-Aires-Argentina/Front-Desk-Associate_JR-0064112,Posted 27 Days Ago,no,https://wework.wd1.myworkdayjobs.com/WeWork
WeWork,Community Associate,"Rio de Janeiro, Brazil",https://wework.wd1.myworkdayjobs.com/WeWork/job/Rio-de-Janeiro-Brazil/Community-Associate_JR-0064106,Posted 27 Days Ago,no,https://wework.wd1.myworkdayjobs.com/WeWork
WeWork,"Community Associate, 1 Belvedere Pl (Mill Valley)","Mill Valley, CA United States of America",https://wework.wd1.myworkdayjobs.com/WeWork/job/Mill-Valley-CA-United-States-of-America/Community-Associate--Mill-Valley_JR-0063957,Posted 27 Days Ago,no,https://wework.wd1.myworkdayjobs.com/WeWork
WeWork,"Contracts Manager, Australia and SEA","Sydney, Australia",https://wework.wd1.myworkdayjobs.com/WeWork/job/Sydney-Australia/Contracts-Manager--APAC_JR-0064094,Posted 28 Days Ago,no,https://wework.wd1.myworkdayjobs.com/WeWork
WeWork,Community Associate,"Munich, Germany",https://wework.wd1.myworkdayjobs.com/WeWork/job/Munich-Germany/Community-Associate_JR-0064076-1,Posted 30+ Days Ago,no,https://wework.wd1.myworkdayjobs.com/WeWork
WeWork,Community Lead,"Mexico City, Mexico",https://wework.wd1.myworkdayjobs.com/WeWork/job/Mexico-City-Mexico/Community-Lead_JR-0064057,Posted 30+ Days Ago,no,https://wework.wd1.myworkdayjobs.com/WeWork
WeWork,Community Lead,"Mexico City, Mexico",https://wework.wd1.myworkdayjobs.com/WeWork/job/Mexico-City-Mexico/Community-Lead_JR-0063989-1,Posted 30+ Days Ago,no,https://wework.wd1.myworkdayjobs.com/WeWork
WeWork,"Senior Manager, Field Marketing","Mexico City, Mexico",https://wework.wd1.myworkdayjobs.com/WeWork/job/Mexico-City-Mexico/Senior-Manager--Field-Marketing_JR-0064060-1,Posted 30+ Days Ago,yes,https://wework.wd1.myworkdayjobs.com/WeWork
WeWork,"Manager, International Reporting","London, United Kingdom",https://wework.wd1.myworkdayjobs.com/WeWork/job/London-United-Kingdom/Manager--International-Reporting_JR-0064051,Posted 30+ Days Ago,no,https://wework.wd1.myworkdayjobs.com/WeWork
WeWork,Director of Enterprise and Broker programs,"London, United Kingdom",https://wework.wd1.myworkdayjobs.com/WeWork/job/London-United-Kingdom/Director--International-Marketing--Enterprise---Broker-Programs_JR-0063643,Posted 30+ Days Ago,no,https://wework.wd1.myworkdayjobs.com/WeWork
WeWork,"Front Desk Associate, 1615 Platte St (Denver)","Denver, CO United States of America",https://wework.wd1.myworkdayjobs.com/WeWork/job/Denver-CO-United-States-of-America/Front-Desk-Associate--1615-Platte-St--Denver-_JR-0064012,Posted 30+ Days Ago,no,https://wework.wd1.myworkdayjobs.com/WeWork
WeWork,Front Desk Associate,"Paris, France",https://wework.wd1.myworkdayjobs.com/WeWork/job/Paris-France/Front-Desk-Associate_JR-0063903,Posted 30+ Days Ago,no,https://wework.wd1.myworkdayjobs.com/WeWork
WeWork,Community Lead,"Paris, France",https://wework.wd1.myworkdayjobs.com/WeWork/job/Paris-France/Community-Lead_JR-0063898-1,Posted 30+ Days Ago,no,https://wework.wd1.myworkdayjobs.com/WeWork
WeWork,"Community Associate, Seoul - 12 months contract","Seoul, Republic of Korea",https://wework.wd1.myworkdayjobs.com/WeWork/job/Seoul-Republic-of-Korea/Community-Associate--Seoul---12-months-contract_JR-0063902,Posted 30+ Days Ago,no,https://wework.wd1.myworkdayjobs.com/WeWork
WeWork,Community Lead,"Berlin, Germany",https://wework.wd1.myworkdayjobs.com/WeWork/job/Berlin-Germany/Community-Lead_JR-0063859-1,Posted 30+ Days Ago,no,https://wework.wd1.myworkdayjobs.com/WeWork
WeWork,Leasing Manager,"Amsterdam, Netherlands",https://wework.wd1.myworkdayjobs.com/WeWork/job/Amsterdam-Netherlands/Leasing-Manager_JR-0063599,Posted 30+ Days Ago,no,https://wework.wd1.myworkdayjobs.com/WeWork
WeWork,"Senior Manager, Payroll - EMEA and APAC","London, United Kingdom",https://wework.wd1.myworkdayjobs.com/WeWork/job/London-United-Kingdom/Senior-Manager--Payroll---EMEA-and-APAC_JR-0063463,Posted 30+ Days Ago,no,https://wework.wd1.myworkdayjobs.com/WeWork
WeWork,Facilities Contract Manager,"Berlin, Germany",https://wework.wd1.myworkdayjobs.com/WeWork/job/Berlin-Germany/Facilities-Contract-Manager_JR-0063096-1,Posted 30+ Days Ago,no,https://wework.wd1.myworkdayjobs.com/WeWork
WeWork,"Community Lead, Seoul","Seoul, Republic of Korea",https://wework.wd1.myworkdayjobs.com/WeWork/job/Seoul-Republic-of-Korea/Community-Lead--Seoul_JR-0062960,Posted 30+ Days Ago,no,https://wework.wd1.myworkdayjobs.com/WeWork
