company,category,title,location,url,posted,status
Lamar Advertising Company,sales,Sales Account Executive,"Raleigh, NC",https://recruiting2.ultipro.com/LAM1000LAC/JobBoard/82898216-ca7a-4621-b01b-bf3410c919b2/OpportunityDetail?opportunityId=55c24115-e3bf-4607-805c-a5a4512cff99,2026-10-05,ok
Lamar Advertising Company,sales,Sales Account Executive,"LATHAM, NY",https://recruiting2.ultipro.com/LAM1000LAC/JobBoard/82898216-ca7a-4621-b01b-bf3410c919b2/OpportunityDetail?opportunityId=fd659fbd-0fd8-442f-825b-6bb978a75953,2026-10-01,ok
Lamar Advertising Company,sales,Inside Sales Account Manager,"WESTLAND, MI",https://recruiting2.ultipro.com/LAM1000LAC/JobBoard/82898216-ca7a-4621-b01b-bf3410c919b2/OpportunityDetail?opportunityId=2d51a2cb-27fc-42ad-b80a-dab70c61fb93,2026-09-30,ok
Lamar Advertising Company,sales,Sales Account Executive,"WESTLAND, MI",https://recruiting2.ultipro.com/LAM1000LAC/JobBoard/82898216-ca7a-4621-b01b-bf3410c919b2/OpportunityDetail?opportunityId=b40fea45-7707-4feb-9655-7efcfd85e040,2026-09-30,ok
Lamar Advertising Company,sales,Sales Account Executive,"RENO, NV",https://recruiting2.ultipro.com/LAM1000LAC/JobBoard/82898216-ca7a-4621-b01b-bf3410c919b2/OpportunityDetail?opportunityId=480b2b9a-4b49-482c-91f1-b7730d521c71,2026-09-30,ok
Lamar Advertising Company,sales,Sales and Campaign Coordinator,"Fort Wayne, IN",https://recruiting2.ultipro.com/LAM1000LAC/JobBoard/82898216-ca7a-4621-b01b-bf3410c919b2/OpportunityDetail?opportunityId=482cefd9-7bdc-4a15-82eb-52db9bae6dcb,2026-09-30,ok
Lamar Advertising Company,sales,Assistant Sales Manager,"PITTSBURGH, PA",https://recruiting2.ultipro.com/LAM1000LAC/JobBoard/82898216-ca7a-4621-b01b-bf3410c919b2/OpportunityDetail?opportunityId=33032d39-7fd8-4656-a8e8-dd638a787213,2026-09-30,ok
Lamar Advertising Company,sales,Sales Account Executive,"LANCASTER, CA",https://recruiting2.ultipro.com/LAM1000LAC/JobBoard/82898216-ca7a-4621-b01b-bf3410c919b2/OpportunityDetail?opportunityId=243ec492-3bd6-4c93-a5a9-6176c25e0966,2026-09-30,ok
Lamar Advertising Company,sales,Sales Account Executive,"BRIDGEPORT, WV",https://recruiting2.ultipro.com/LAM1000LAC/JobBoard/82898216-ca7a-4621-b01b-bf3410c919b2/OpportunityDetail?opportunityId=52ea578b-ccb7-41e3-9c9c-a62e4c15015d,2026-09-23,ok
Lamar Advertising Company,sales,Sales Account Executive,"HATTIESBURG, MS",https://recruiting2.ultipro.com/LAM1000LAC/JobBoard/82898216-ca7a-4621-b01b-bf3410c919b2/OpportunityDetail?opportunityId=be59d660-ef05-4b6a-ae59-113fd0fc64b9,2026-09-21,ok
Lamar Advertising Company,sales,Sales and Campaign Coordinator,"VICTORIA, TX",https://recruiting2.ultipro.com/LAM1000LAC/JobBoard/82898216-ca7a-4621-b01b-bf3410c919b2/OpportunityDetail?opportunityId=6b3b1af0-a3ee-498e-aba0-235f94e1e266,2026-09-18,ok
Lamar Advertising Company,sales,Sales Account Executive,"Sioux City, IA",https://recruiting2.ultipro.com/LAM1000LAC/JobBoard/82898216-ca7a-4621-b01b-bf3410c919b2/OpportunityDetail?opportunityId=625d60d0-4c75-4f72-8fcc-814e54c8f3aa,2026-09-18,ok
Lamar Advertising Company,sales,Sales Manager,"BUFFALO, NY",https://recruiting2.ultipro.com/LAM1000LAC/JobBoard/82898216-ca7a-4621-b01b-bf3410c919b2/OpportunityDetail?opportunityId=476c9760-173c-44cc-9567-977e5e5da76b,2026-09-17,ok
Lamar Advertising Company,sales,Sales and Campaign Coordinator,"COLUMBIA, SC",https://recruiting2.ultipro.com/LAM1000LAC/JobBoard/82898216-ca7a-4621-b01b-bf3410c919b2/OpportunityDetail?opportunityId=c15abcdf-9847-4b16-8bf5-e72b7e947657,2026-09-16,ok
Lamar Advertising Company,sales,Sales Account Executive,"MEMPHIS, TN",https://recruiting2.ultipro.com/LAM1000LAC/JobBoard/82898216-ca7a-4621-b01b-bf3410c919b2/OpportunityDetail?opportunityId=9bb7eec4-9bec-45fd-b520-574f4bc6218d,2026-09-15,ok
Lamar Advertising Company,sales,Sales Account Executive,"BAKERSFIELD, CA",https://recruiting2.ultipro.com/LAM1000LAC/JobBoard/82898216-ca7a-4621-b01b-bf3410c919b2/OpportunityDetail?opportunityId=a621a92e-7d98-404a-9640-3370c62fe99c,2026-09-14,ok
Lamar Advertising Company,sales,Sales Account Executive,"Philadelphia, PA",https://recruiting2.ultipro.com/LAM1000LAC/JobBoard/82898216-ca7a-4621-b01b-bf3410c919b2/OpportunityDetail?opportunityId=45641691-22d9-413a-8cc8-9b1986133593,2026-09-11,ok
Lamar Advertising Company,sales,Sales Account Executive,"Phoenix, AZ",https://recruiting2.ultipro.com/LAM1000LAC/JobBoard/82898216-ca7a-4621-b01b-bf3410c919b2/OpportunityDetail?opportunityId=64bee7c0-6c4a-41bf-be5f-e058b1e20ebd,2026-09-04,ok
Lamar Advertising Company,sales,Sales Account Executive,"Asheville, NC",https://recruiting2.ultipro.com/LAM1000LAC/JobBoard/82898216-ca7a-4621-b01b-bf3410c919b2/OpportunityDetail?opportunityId=2c1222a2-6059-405e-b585-2dba575cc56e,2026-09-03,ok
Lamar Advertising Company,sales,Sales Account Executive,"OCALA, FL",https://recruiting2.ultipro.com/LAM1000LAC/JobBoard/82898216-ca7a-4621-b01b-bf3410c919b2/OpportunityDetail?opportunityId=9cdb22d1-686a-47d3-aaea-bf70164a27fd,2026-09-02,ok
Lamar Advertising Company,sales,Sales Account Executive,"MONTGOMERY, AL",https://recruiting2.ultipro.com/LAM1000LAC/JobBoard/82898216-ca7a-4621-b01b-bf3410c919b2/OpportunityDetail?opportunityId=506b5c0d-25d3-4174-b408-451f1bf8dd95,2026-08-27,ok
Lamar Advertising Company,sales,Sales Account Executive,"MUSKEGON, MI",https://recruiting2.ultipro.com/LAM1000LAC/JobBoard/82898216-ca7a-4621-b01b-bf3410c919b2/OpportunityDetail?opportunityId=c703d37c-6f0c-4ab0-b1d2-09073e9cb76f,2026-08-24,ok
Lamar Advertising Company,sales,Sales Account Executive,"ROCHESTER, NY",https://recruiting2.ultipro.com/LAM1000LAC/JobBoard/82898216-ca7a-4621-b01b-bf3410c919b2/OpportunityDetail?opportunityId=9a3327e7-7936-46c8-844a-88d58d0cbe9d,2026-08-24,ok
Lamar Advertising Company,sales,Sales Account Executive,"EAST PROVIDENCE, RI",https://recruiting2.ultipro.com/LAM1000LAC/JobBoard/82898216-ca7a-4621-b01b-bf3410c919b2/OpportunityDetail?opportunityId=e158622f-cfa2-4664-819f-4b23fb370ce7,2026-08-20,ok
Lamar Advertising Company,sales,Sales Account Executive,"MIDLAND, TX",https://recruiting2.ultipro.com/LAM1000LAC/JobBoard/82898216-ca7a-4621-b01b-bf3410c919b2/OpportunityDetail?opportunityId=e6d7597f-dbb9-40b9-bfe5-73d8e2824739,2026-08-17,ok
Lamar Advertising Company,sales,Sales Account Executive,"Saint Charles, MO",https://recruiting2.ultipro.com/LAM1000LAC/JobBoard/82898216-ca7a-4621-b01b-bf3410c919b2/OpportunityDetail?opportunityId=39e98db0-ea26-49af-9771-c723ff5a3cc9,2026-08-06,ok
Lamar Advertising Company,sales,Sales Account Executive,"NASHVILLE, TN",https://recruiting2.ultipro.com/LAM1000LAC/JobBoard/82898216-ca7a-4621-b01b-bf3410c919b2/OpportunityDetail?opportunityId=27d028bf-c025-4414-8fd0-ca2f7120964e,2026-08-03,ok
Lamar Advertising Company,sales,Sales Account Executive,"PEARL, MS",https://recruiting2.ultipro.com/LAM1000LAC/JobBoard/82898216-ca7a-4621-b01b-bf3410c919b2/OpportunityDetail?opportunityId=570af94b-faa4-448d-b518-a79a9b45c931,2026-07-24,ok
Lamar Advertising Company,sales,Sales Account Executive,"SAVANNAH, GA",https://recruiting2.ultipro.com/LAM1000LAC/JobBoard/82898216-ca7a-4621-b01b-bf3410c919b2/OpportunityDetail?opportunityId=c2a75c1c-96d6-4a8d-ad6f-f52ee59a9da1,2026-07-23,ok
Lamar Advertising Company,sales,Sales Account Executive,"Buckhannon, WV",https://recruiting2.ultipro.com/LAM1000LAC/JobBoard/82898216-ca7a-4621-b01b-bf3410c919b2/OpportunityDetail?opportunityId=2f2ca29d-125d-4dda-b927-2f5cd16c17ab,2026-06-26,ok
Lamar Advertising Company,sales,Sales Account Executive,"Buffalo, NY",https://recruiting2.ultipro.com/LAM1000LAC/JobBoard/82898216-ca7a-4621-b01b-bf3410c919b2/OpportunityDetail?opportunityId=2cc3fb39-526b-4980-ace1-6efdc18e4b07,2026-05-13,ok
Lamar Advertising Company,sales,Sales Account Executive,"WOLFFORTH, TX",https://recruiting2.ultipro.com/LAM1000LAC/JobBoard/82898216-ca7a-4621-b01b-bf3410c919b2/OpportunityDetail?opportunityId=9218fa9a-24ad-40b4-85a1-0d8a7e6b6b6c,2026-04-16,ok
Lamar Advertising Company,sales,Sales Account Executive,"DUNCANSVILLE, PA",https://recruiting2.ultipro.com/LAM1000LAC/JobBoard/82898216-ca7a-4621-b01b-bf3410c919b2/OpportunityDetail?opportunityId=dbb18298-b04a-48f7-832d-0cd8d0b3c8ef,2026-04-15,ok
Lamar Advertising Company,sales,Sales Account Executive,"READING, PA",https://recruiting2.ultipro.com/LAM1000LAC/JobBoard/82898216-ca7a-4621-b01b-bf3410c919b2/OpportunityDetail?opportunityId=4ca8dcf9-964c-4e42-be83-39ba313ea072,2026-03-23,ok
Lamar Advertising Company,sales,Transit Sales Account Executive,"Phoenix, AZ",https://recruiting2.ultipro.com/LAM1000LAC/JobBoard/82898216-ca7a-4621-b01b-bf3410c919b2/OpportunityDetail?opportunityId=90ff5ac0-834c-46f9-87fe-bc10b42b4d4e,2026-01-30,ok
Lamar Advertising Company,sales,Sales Account Executive,"READING, PA",https://recruiting2.ultipro.com/LAM1000LAC/JobBoard/82898216-ca7a-4621-b01b-bf3410c919b2/OpportunityDetail?opportunityId=35c27127-185b-40aa-8d25-d7c472f962df,2025-12-30,ok
Belong,gtm,"Growth Advisor, Leasing","Buenos Aires, Buenos Aires",https://apply.workable.com/j/996A05186B,2026-09-30,ok
WeWork,gtm,"Lead, Email Marketing","Mexico City, Mexico",https://wework.wd1.myworkdayjobs.com/WeWork/job/Mexico-City-Mexico/Lead--Email-Marketing_JR-0064210,Posted 5 Days Ago,ok
WeWork,gtm,"Lead, Integrated Marketing","New York, NY United States of America",https://wework.wd1.myworkdayjobs.com/WeWork/job/New-York-NY-United-States-of-America/Lead--Integrated-Marketing_JR-0064161-1,Posted 8 Days Ago,ok
WeWork,sales,Sales Development Representative - SEA & Australia (Vietnamese Speaking),Singapore,https://wework.wd1.myworkdayjobs.com/WeWork/job/Singapore/Sales-Development-Representative---SEA---Australia--Vietnamese-Speaking-_JR-0064152,Posted 19 Days Ago,ok
WeWork,gtm,"Senior Manager, Field Marketing","Mexico City, Mexico",https://wework.wd1.myworkdayjobs.com/WeWork/job/Mexico-City-Mexico/Senior-Manager--Field-Marketing_JR-0064060-1,Posted 30+ Days Ago,ok
Real Property Management,sales,Business Development Manager- Property Management,,https://jobs.realpropertymgt.com/business-development-manager-property-management/job/05F8B179879EB9CDF2793841F24B72A6,,ok
Real Property Management,sales,Business Development & Outside Sales,,https://jobs.realpropertymgt.com/business-development-outside-sales/job/1F4608B7258679D62474783EEBF83E89,,ok
