Company Name,Website URL,Careers Page URL,Leadership URL,Ticker,CIK,State,Industry Segment,Aliases
Evernest,https://www.evernest.co,https://www.evernest.co/careers,https://www.evernest.co/about,,,Alabama,Scattered Site Rental Operations,Evernest Property Management
Atlas Real Estate,https://realatlas.com,https://realatlas.com/careers/,https://realatlas.com/our-team/,,,Colorado,Scattered Site Rental Operations,Atlas
PURE HomeRiver Group,https://purehomeriver.com,https://purehomeriver.com/company/careers/,https://purehomeriver.com/company/leadership/,,,Florida,Scattered Site Rental Operations,HomeRiver Group;PURE Property Management
Renters Warehouse,https://www.renterswarehouse.com,https://www.renterswarehouse.com/careers,https://www.renterswarehouse.com/about-us,,,Minnesota,Scattered Site Rental Operations,
Second Nature,https://www.secondnature.com,https://www.secondnature.com/careers,https://www.secondnature.com/about,,,Tennessee,Resident Benefits,
AppFolio,https://www.appfolio.com,https://www.appfolio.com/company/careers,https://www.appfolio.com/company/leadership,APPF,,California,Property Management Software,
Entrata,https://www.entrata.com,https://www.entrata.com/careers,https://www.entrata.com/about/leadership,,,Utah,Property Management Software,
SmartRent,https://smartrent.com,https://smartrent.com/careers,https://smartrent.com/leadership/,SMRT,,Arizona,Smart Home,
Zillow Group,https://www.zillow.com,https://www.zillow.com/careers,https://www.zillowgroup.com/about-us/leadership/,ZG,,Washington,Marketplace,Zillow
Redfin,https://www.redfin.com,https://www.redfin.com/careers,https://investors.redfin.com/leadership,RDFN,,Washington,Brokerage Tech,
CoStar Group,https://www.costargroup.com,https://www.costargroup.com/careers,https://www.costargroup.com/about/leadership,CSGP,,Virginia,Data & Analytics,CoStar
Opendoor,https://www.opendoor.com,https://www.opendoor.com/careers,https://www.opendoor.com/about,OPEN,,Arizona,iBuying,
Greystar,https://www.greystar.com,https://www.greystar.com/careers,https://www.greystar.com/about-us/leadership,,,South Carolina,Multifamily Management,
