company,website,why,how to fix
Procore Technologies,https://www.procore.com,no events page found,"if they have an events page, add it to data/events_map.json as {""url"": ""..."", ""method"": ""manual""}"
Measurabl,https://measurabl.com,no events page found,"if they have an events page, add it to data/events_map.json as {""url"": ""..."", ""method"": ""manual""}"
Placer.ai,https://www.placer.ai,no events page found,"if they have an events page, add it to data/events_map.json as {""url"": ""..."", ""method"": ""manual""}"
Roofstock,https://www.roofstock.com,no events page found,"if they have an events page, add it to data/events_map.json as {""url"": ""..."", ""method"": ""manual""}"
Doma,https://www.doma.com,no events page found,"if they have an events page, add it to data/events_map.json as {""url"": ""..."", ""method"": ""manual""}"
Point,https://www.point.com,no events page found,"if they have an events page, add it to data/events_map.json as {""url"": ""..."", ""method"": ""manual""}"
Zumper,https://www.zumper.com,no events page found,"if they have an events page, add it to data/events_map.json as {""url"": ""..."", ""method"": ""manual""}"
Apartment List,https://www.apartmentlist.com,no events page found,"if they have an events page, add it to data/events_map.json as {""url"": ""..."", ""method"": ""manual""}"
Hemlane,https://www.hemlane.com,no events page found,"if they have an events page, add it to data/events_map.json as {""url"": ""..."", ""method"": ""manual""}"
Pacaso,https://www.pacaso.com,no events page found,"if they have an events page, add it to data/events_map.json as {""url"": ""..."", ""method"": ""manual""}"
Crexi,https://www.crexi.com,no events page found,"if they have an events page, add it to data/events_map.json as {""url"": ""..."", ""method"": ""manual""}"
Kiavi,https://www.kiavi.com,no events page found,"if they have an events page, add it to data/events_map.json as {""url"": ""..."", ""method"": ""manual""}"
Side,https://www.side.com,no events page found,"if they have an events page, add it to data/events_map.json as {""url"": ""..."", ""method"": ""manual""}"
HouseCanary,https://www.housecanary.com,no events page found,"if they have an events page, add it to data/events_map.json as {""url"": ""..."", ""method"": ""manual""}"
HomeLight,https://www.homelight.com,no events page found,"if they have an events page, add it to data/events_map.json as {""url"": ""..."", ""method"": ""manual""}"
Snapdocs,https://www.snapdocs.com,no events page found,"if they have an events page, add it to data/events_map.json as {""url"": ""..."", ""method"": ""manual""}"
RentSpree,https://www.rentspree.com,no events page found,"if they have an events page, add it to data/events_map.json as {""url"": ""..."", ""method"": ""manual""}"
Realtor.com (Move Inc.),https://www.realtor.com,homepage blocked or unreachable,"if they have an events page, add it to data/events_map.json as {""url"": ""..."", ""method"": ""manual""}"
Auction.com,https://www.auction.com,no events page found,"if they have an events page, add it to data/events_map.json as {""url"": ""..."", ""method"": ""manual""}"
RealPage,https://www.realpage.com,no events page found,"if they have an events page, add it to data/events_map.json as {""url"": ""..."", ""method"": ""manual""}"
Homeward,https://www.homeward.com,no events page found,"if they have an events page, add it to data/events_map.json as {""url"": ""..."", ""method"": ""manual""}"
Steadily,https://www.steadily.com,no events page found,"if they have an events page, add it to data/events_map.json as {""url"": ""..."", ""method"": ""manual""}"
Closinglock,https://www.closinglock.com,no events page found,"if they have an events page, add it to data/events_map.json as {""url"": ""..."", ""method"": ""manual""}"
Luxury Presence,https://www.luxurypresence.com,no events page found,"if they have an events page, add it to data/events_map.json as {""url"": ""..."", ""method"": ""manual""}"
GreenLite,https://www.greenlite.ai,no events page found,"if they have an events page, add it to data/events_map.json as {""url"": ""..."", ""method"": ""manual""}"
Worksmith,https://www.worksmith.com,no events page found,"if they have an events page, add it to data/events_map.json as {""url"": ""..."", ""method"": ""manual""}"
Ownwell,https://www.ownwell.com,no events page found,"if they have an events page, add it to data/events_map.json as {""url"": ""..."", ""method"": ""manual""}"
Ojo Labs,https://www.ojolabs.com,no events page found,"if they have an events page, add it to data/events_map.json as {""url"": ""..."", ""method"": ""manual""}"
Opcity (Realtor.com),https://www.opcity.com,no events page found,"if they have an events page, add it to data/events_map.json as {""url"": ""..."", ""method"": ""manual""}"
Compass,https://www.compass.com,no events page found,"if they have an events page, add it to data/events_map.json as {""url"": ""..."", ""method"": ""manual""}"
VTS,https://www.vts.com,homepage blocked or unreachable,"if they have an events page, add it to data/events_map.json as {""url"": ""..."", ""method"": ""manual""}"
ButterflyMX,https://www.butterflymx.com,no events page found,"if they have an events page, add it to data/events_map.json as {""url"": ""..."", ""method"": ""manual""}"
Rhino,https://www.sayrhino.com,no events page found,"if they have an events page, add it to data/events_map.json as {""url"": ""..."", ""method"": ""manual""}"
Bilt Rewards,https://www.biltrewards.com,no events page found,"if they have an events page, add it to data/events_map.json as {""url"": ""..."", ""method"": ""manual""}"
CompStak,https://www.compstak.com,no events page found,"if they have an events page, add it to data/events_map.json as {""url"": ""..."", ""method"": ""manual""}"
Cadre,https://www.cadre.com,no events page found,"if they have an events page, add it to data/events_map.json as {""url"": ""..."", ""method"": ""manual""}"
SquareFoot,https://www.squarefoot.com,no events page found,"if they have an events page, add it to data/events_map.json as {""url"": ""..."", ""method"": ""manual""}"
Latch,https://www.latch.com,no events page found,"if they have an events page, add it to data/events_map.json as {""url"": ""..."", ""method"": ""manual""}"
Agora,https://www.agorareal.com,no events page found,"if they have an events page, add it to data/events_map.json as {""url"": ""..."", ""method"": ""manual""}"
Cherre,https://www.cherre.com,no events page found,"if they have an events page, add it to data/events_map.json as {""url"": ""..."", ""method"": ""manual""}"
Enertiv,https://www.enertiv.com,no events page found,"if they have an events page, add it to data/events_map.json as {""url"": ""..."", ""method"": ""manual""}"
Bowery Valuation,https://www.boweryvaluation.com,no events page found,"if they have an events page, add it to data/events_map.json as {""url"": ""..."", ""method"": ""manual""}"
Obligo,https://www.myobligo.com,no events page found,"if they have an events page, add it to data/events_map.json as {""url"": ""..."", ""method"": ""manual""}"
TheGuarantors,https://www.theguarantors.com,no events page found,"if they have an events page, add it to data/events_map.json as {""url"": ""..."", ""method"": ""manual""}"
Funnel Leasing,https://www.funnelleasing.com,no events page found,"if they have an events page, add it to data/events_map.json as {""url"": ""..."", ""method"": ""manual""}"
Convene,https://convene.com,no events page found,"if they have an events page, add it to data/events_map.json as {""url"": ""..."", ""method"": ""manual""}"
Orchard,https://www.orchard.com,no events page found,"if they have an events page, add it to data/events_map.json as {""url"": ""..."", ""method"": ""manual""}"
Better.com,https://better.com,no events page found,"if they have an events page, add it to data/events_map.json as {""url"": ""..."", ""method"": ""manual""}"
Updater,https://www.updater.com,no events page found,"if they have an events page, add it to data/events_map.json as {""url"": ""..."", ""method"": ""manual""}"
Livly,https://www.livly.io,no events page found,"if they have an events page, add it to data/events_map.json as {""url"": ""..."", ""method"": ""manual""}"
Chamberlain Group,https://www.chamberlaingroup.com,no events page found,"if they have an events page, add it to data/events_map.json as {""url"": ""..."", ""method"": ""manual""}"
Obie,https://www.obieinsurance.com,no events page found,"if they have an events page, add it to data/events_map.json as {""url"": ""..."", ""method"": ""manual""}"
Avail (Realtor.com),https://www.avail.co,no events page found,"if they have an events page, add it to data/events_map.json as {""url"": ""..."", ""method"": ""manual""}"
HqO,https://www.hqo.com,no events page found,"if they have an events page, add it to data/events_map.json as {""url"": ""..."", ""method"": ""manual""}"
Buildium (RealPage),https://www.buildium.com,no events page found,"if they have an events page, add it to data/events_map.json as {""url"": ""..."", ""method"": ""manual""}"
Robin,https://www.robinpowered.com,no events page found,"if they have an events page, add it to data/events_map.json as {""url"": ""..."", ""method"": ""manual""}"
GetCovered,https://getcovered.io,no events page found,"if they have an events page, add it to data/events_map.json as {""url"": ""..."", ""method"": ""manual""}"
TurboTenant,https://www.turbotenant.com,no events page found,"if they have an events page, add it to data/events_map.json as {""url"": ""..."", ""method"": ""manual""}"
NetVendor,https://www.netvendor.com,no events page found,"if they have an events page, add it to data/events_map.json as {""url"": ""..."", ""method"": ""manual""}"
SmartRent,https://smartrent.com,no events page found,"if they have an events page, add it to data/events_map.json as {""url"": ""..."", ""method"": ""manual""}"
Offerpad,https://www.offerpad.com,no events page found,"if they have an events page, add it to data/events_map.json as {""url"": ""..."", ""method"": ""manual""}"
Opendoor,https://www.opendoor.com,no events page found,"if they have an events page, add it to data/events_map.json as {""url"": ""..."", ""method"": ""manual""}"
PointCentral,https://www.pointcentral.com,no events page found,"if they have an events page, add it to data/events_map.json as {""url"": ""..."", ""method"": ""manual""}"
Entrata,https://www.entrata.com,no events page found,"if they have an events page, add it to data/events_map.json as {""url"": ""..."", ""method"": ""manual""}"
Rentec Direct,https://www.rentecdirect.com,no events page found,"if they have an events page, add it to data/events_map.json as {""url"": ""..."", ""method"": ""manual""}"
Second Nature,https://www.secondnature.com,no events page found,"if they have an events page, add it to data/events_map.json as {""url"": ""..."", ""method"": ""manual""}"
Home365,https://www.home365.co,no events page found,"if they have an events page, add it to data/events_map.json as {""url"": ""..."", ""method"": ""manual""}"
Cecilian Partners,https://www.cecilianpartners.com,no events page found,"if they have an events page, add it to data/events_map.json as {""url"": ""..."", ""method"": ""manual""}"
CoStar Group,https://www.costargroup.com,homepage blocked or unreachable,"if they have an events page, add it to data/events_map.json as {""url"": ""..."", ""method"": ""manual""}"
Alarm.com,https://www.alarm.com,no events page found,"if they have an events page, add it to data/events_map.json as {""url"": ""..."", ""method"": ""manual""}"
Redfin,https://www.redfin.com,homepage blocked or unreachable,"if they have an events page, add it to data/events_map.json as {""url"": ""..."", ""method"": ""manual""}"
Knock CRM,https://www.knockrentals.com,no events page found,"if they have an events page, add it to data/events_map.json as {""url"": ""..."", ""method"": ""manual""}"
Rocket Companies,https://www.rocketcompanies.com,homepage blocked or unreachable,"if they have an events page, add it to data/events_map.json as {""url"": ""..."", ""method"": ""manual""}"
Density,https://www.density.io,no events page found,"if they have an events page, add it to data/events_map.json as {""url"": ""..."", ""method"": ""manual""}"
Bright MLS,https://www.brightmls.com,no events page found,"if they have an events page, add it to data/events_map.json as {""url"": ""..."", ""method"": ""manual""}"
DoorLoop,https://www.doorloop.com,no events page found,"if they have an events page, add it to data/events_map.json as {""url"": ""..."", ""method"": ""manual""}"
LeaseLock,https://www.leaselock.com,no events page found,"if they have an events page, add it to data/events_map.json as {""url"": ""..."", ""method"": ""manual""}"
Flock Homes,https://www.flockhomes.com,no events page found,"if they have an events page, add it to data/events_map.json as {""url"": ""..."", ""method"": ""manual""}"
Divvy Homes,https://www.divvyhomes.com,no events page found,"if they have an events page, add it to data/events_map.json as {""url"": ""..."", ""method"": ""manual""}"
Greystar,https://www.greystar.com,no events page found,"if they have an events page, add it to data/events_map.json as {""url"": ""..."", ""method"": ""manual""}"
Doorstead,https://www.doorstead.com,no events page found,"if they have an events page, add it to data/events_map.json as {""url"": ""..."", ""method"": ""manual""}"
Belong,https://belonghome.com,no events page found,"if they have an events page, add it to data/events_map.json as {""url"": ""..."", ""method"": ""manual""}"
Mynd,https://www.mynd.co,no events page found,"if they have an events page, add it to data/events_map.json as {""url"": ""..."", ""method"": ""manual""}"
Renters Warehouse,https://www.renterswarehouse.com,no events page found,"if they have an events page, add it to data/events_map.json as {""url"": ""..."", ""method"": ""manual""}"
Evernest,https://www.evernest.co,no events page found,"if they have an events page, add it to data/events_map.json as {""url"": ""..."", ""method"": ""manual""}"
Atlas Real Estate,https://realatlas.com,homepage blocked or unreachable,"if they have an events page, add it to data/events_map.json as {""url"": ""..."", ""method"": ""manual""}"
PURE HomeRiver Group,https://purehomeriver.com,no events page found,"if they have an events page, add it to data/events_map.json as {""url"": ""..."", ""method"": ""manual""}"
Northpoint Asset Management,https://northpointam.com,no events page found,"if they have an events page, add it to data/events_map.json as {""url"": ""..."", ""method"": ""manual""}"
Evergreen Residential,https://evergreenresi.com,no events page found,"if they have an events page, add it to data/events_map.json as {""url"": ""..."", ""method"": ""manual""}"
Footprint,https://www.onefootprint.com,no events page found,"if they have an events page, add it to data/events_map.json as {""url"": ""..."", ""method"": ""manual""}"
Reffie,https://reffie.com,no events page found,"if they have an events page, add it to data/events_map.json as {""url"": ""..."", ""method"": ""manual""}"
Two Dots,https://www.twodots.com,no events page found,"if they have an events page, add it to data/events_map.json as {""url"": ""..."", ""method"": ""manual""}"
Haven,https://www.usehaven.ai,no events page found,"if they have an events page, add it to data/events_map.json as {""url"": ""..."", ""method"": ""manual""}"
Nutiliti,https://www.nutiliti.com,no events page found,"if they have an events page, add it to data/events_map.json as {""url"": ""..."", ""method"": ""manual""}"
HiredHelpr,https://www.hiredhelpr.com,no events page found,"if they have an events page, add it to data/events_map.json as {""url"": ""..."", ""method"": ""manual""}"
Mason,https://www.thisismason.com,no events page found,"if they have an events page, add it to data/events_map.json as {""url"": ""..."", ""method"": ""manual""}"
Super,https://www.hiresuper.com,no events page found,"if they have an events page, add it to data/events_map.json as {""url"": ""..."", ""method"": ""manual""}"
Boom,https://www.boompay.app,no events page found,"if they have an events page, add it to data/events_map.json as {""url"": ""..."", ""method"": ""manual""}"
AbodeMine,https://www.abodemine.com,no events page found,"if they have an events page, add it to data/events_map.json as {""url"": ""..."", ""method"": ""manual""}"
Lineage,https://lineage.finance,no events page found,"if they have an events page, add it to data/events_map.json as {""url"": ""..."", ""method"": ""manual""}"
Series Homes,https://www.serieshomes.com,no events page found,"if they have an events page, add it to data/events_map.json as {""url"": ""..."", ""method"": ""manual""}"
PropertyManagement.com,https://www.propertymanagement.com,no events page found,"if they have an events page, add it to data/events_map.json as {""url"": ""..."", ""method"": ""manual""}"
