company,careers_url,reason
Yardi Systems,https://www.yardi.com/careers,no ATS pattern in HTML
Hemlane,https://www.hemlane.com/careers,no ATS pattern in HTML
RentSpree,https://www.rentspree.com/careers,no ATS pattern in HTML
Ojo Labs,https://www.ojolabs.com/careers,no ATS pattern in HTML
Opcity (Realtor.com),https://www.move.com/careers,no ATS pattern in HTML
Bilt Rewards,https://www.biltrewards.com/careers,no ATS pattern in HTML
Agora,https://www.agorareal.com/careers,no ATS pattern in HTML
Better.com,https://better.com/careers,no ATS pattern in HTML
GetCovered,https://getcovered.io/careers,no ATS pattern in HTML
Rentec Direct,https://www.rentecdirect.com/careers,no ATS pattern in HTML
Knock CRM,https://www.knockrentals.com/careers,no ATS pattern in HTML
Rent Manager (LCS),https://www.rentmanager.com/careers,no ATS pattern in HTML
Bright MLS,https://www.brightmls.com/careers,no ATS pattern in HTML
Renters Warehouse,https://www.renterswarehouse.com/careers,no ATS pattern in HTML
PURE HomeRiver Group,https://purehomeriver.com/company/careers/,no ATS pattern in HTML
Northpoint Asset Management,https://northpointam.com/careers,no ATS pattern in HTML
Evergreen Residential,https://evergreenresi.com/careers/,no ATS pattern in HTML
