company,title,url,link_status,first_seen,ats,job_key
ButterflyMX,Creative Content Strategist,https://jobs.ashbyhq.com/butterflymx/dd416eab-7483-48e6-899e-aa977b6aa8f8,live,2026-09-24,ashby,ashby:butterflymx:dd416eab-7483-48e6-899e-aa977b6aa8f8
Envoy,Channel Account Manager,https://jobs.ashbyhq.com/envoy/9038b68a-5aa3-4d73-bb49-84f3a33a5c7e,live,2026-09-24,ashby,ashby:envoy:9038b68a-5aa3-4d73-bb49-84f3a33a5c7e
Homebot,Senior Backend Engineer,https://jobs.ashbyhq.com/homebot/d4440bc0-a571-4496-b880-94767c4f5b61,live,2026-09-24,ashby,ashby:homebot:d4440bc0-a571-4496-b880-94767c4f5b61
Second Nature,"Staff Software Engineer, Integrations Team",https://jobs.ashbyhq.com/second-nature/2b92ffd7-dd45-45db-8def-8b13d0281c36,live,2026-09-24,ashby,ashby:second-nature:2b92ffd7-dd45-45db-8def-8b13d0281c36
Second Nature,Senior Product Manager,https://jobs.ashbyhq.com/second-nature/7bcc5b24-5b17-4297-839f-e849b9a90c97,live,2026-09-24,ashby,ashby:second-nature:7bcc5b24-5b17-4297-839f-e849b9a90c97
Second Nature,Director of User Experience,https://jobs.ashbyhq.com/second-nature/8cfd0a20-5b07-41d3-a527-286aa7648142,live,2026-09-24,ashby,ashby:second-nature:8cfd0a20-5b07-41d3-a527-286aa7648142
Steadily,Agency Support Specialist,https://jobs.ashbyhq.com/steadily/5a29b34d-4d16-4358-82ac-b7888c8299a9,live,2026-09-24,ashby,ashby:steadily:5a29b34d-4d16-4358-82ac-b7888c8299a9
Steadily,Catastrophe Risk Manager,https://jobs.ashbyhq.com/steadily/f1672bd0-8f85-42d6-a3f9-a8cbbe116e51,live,2026-09-24,ashby,ashby:steadily:f1672bd0-8f85-42d6-a3f9-a8cbbe116e51
Rhino,Senior Software Engineer,https://rhinolabs.bamboohr.com/careers/67,live,2026-09-24,bamboohr,bamboohr:rhinolabs:67
Rhino,"Senior Manager, Data Engineering",https://rhinolabs.bamboohr.com/careers/73,live,2026-09-24,bamboohr,bamboohr:rhinolabs:73
Rhino,Data Engineer,https://rhinolabs.bamboohr.com/careers/76,live,2026-09-28,bamboohr,bamboohr:rhinolabs:76
MRI Software,Client Experience Specialist,https://builtin.com/job/client-experience-specialist/10738380,live,2026-09-28,builtin,builtin:mri-software:10738380
MRI Software,Senior Product Manager IV,https://builtin.com/job/senior-product-manager-iv/11177445,live,2026-09-28,builtin,builtin:mri-software:11177445
MRI Software,AI Engineer II,https://builtin.com/job/ai-engineer-ii/11299963,live,2026-09-28,builtin,builtin:mri-software:11299963
MRI Software,Senior Support Analyst (Strata),https://builtin.com/job/senior-support-analyst-strata/11321526,live,2026-09-28,builtin,builtin:mri-software:11321526
MRI Software,"Sr Manager, Client Support",https://builtin.com/job/sr-manager-client-support/11326072,live,2026-09-28,builtin,builtin:mri-software:11326072
Opendoor,Applied Science- Growth,https://jobs.fifthwall.com/companies/opendoor/jobs/95266862-95266862-applied-science-growth,live,2026-09-30,vc:Fifth Wall,getro:Fifth Wall:95266862
Placer.ai,Accounts Receivable Specialist,https://jobs.fifthwall.com/companies/placer-ai-2/jobs/95320699-95320699-accounts-receivable-specialist,live,2026-09-30,vc:Fifth Wall,getro:Fifth Wall:95320699
Placer.ai,"Senior Software Engineer, Placer Intelligence",https://jobs.fifthwall.com/companies/placer-ai-2/jobs/95320705-95320705-senior-software-engineer-placer-intelligence,live,2026-09-30,vc:Fifth Wall,getro:Fifth Wall:95320705
Procore Technologies,Software Engineer 2,https://jobs.fifthwall.com/companies/procore-2/jobs/95326846-95326846-software-engineer-2,live,2026-09-30,vc:Fifth Wall,getro:Fifth Wall:95326846
Procore Technologies,"Manager, Global Revenue Planning and Strategy (Remote)",https://jobs.fifthwall.com/companies/procore-2/jobs/95326848-95326848-manager-global-revenue-planning-and-strategy-remote,live,2026-09-30,vc:Fifth Wall,getro:Fifth Wall:95326848
Procore Technologies,"Principal Product Manager, Enterprise AI Enablement",https://jobs.fifthwall.com/companies/procore-2/jobs/95326850-95326850-principal-product-manager-enterprise-ai-enablement,live,2026-09-30,vc:Fifth Wall,getro:Fifth Wall:95326850
Procore Technologies,Senior Manager of Software Engineering,https://jobs.fifthwall.com/companies/procore-2/jobs/95326851-95326851-senior-manager-of-software-engineering,live,2026-09-30,vc:Fifth Wall,getro:Fifth Wall:95326851
Procore Technologies,QA Engineer 2 - DroneDeploy,https://jobs.fifthwall.com/companies/procore-2/jobs/95326853-95326853-qa-engineer-2-dronedeploy,live,2026-09-30,vc:Fifth Wall,getro:Fifth Wall:95326853
Procore Technologies,Staff ML Data Engineer (Datagrid),https://jobs.fifthwall.com/companies/procore-2/jobs/95326854-95326854-staff-ml-data-engineer-datagrid,live,2026-09-30,vc:Fifth Wall,getro:Fifth Wall:95326854
Procore Technologies,Premium Research & Data Administrator (Hybrid/Remote),https://jobs.fifthwall.com/companies/procore-2/jobs/95326856-95326856-premium-research-data-administrator-hybrid-remote,live,2026-09-30,vc:Fifth Wall,getro:Fifth Wall:95326856
Procore Technologies,"Strategic Software Project Manager, Professional Services (Remote)",https://jobs.fifthwall.com/companies/procore-2/jobs/95326860-95326860-strategic-software-project-manager-professional-services-remote,live,2026-09-30,vc:Fifth Wall,getro:Fifth Wall:95326860
Procore Technologies,"Strategic Product Consultant, Cost Management - Spanish Speaking",https://jobs.fifthwall.com/companies/procore-2/jobs/95549531-95549531-strategic-product-consultant-cost-management-spanish-speaking,live,2026-10-02,vc:Fifth Wall,getro:Fifth Wall:95549531
Procore Technologies,"Sales Development Representative, Enterprise Spain",https://jobs.fifthwall.com/companies/procore-2/jobs/95549533-95549533-sales-development-representative-enterprise-spain,live,2026-10-02,vc:Fifth Wall,getro:Fifth Wall:95549533
Procore Technologies,"Director, MarTech & AI Ops",https://jobs.fifthwall.com/companies/procore-2/jobs/95549536-95549536-director-martech-ai-ops,live,2026-10-02,vc:Fifth Wall,getro:Fifth Wall:95549536
Procore Technologies,Group Product Marketing Manager,https://jobs.fifthwall.com/companies/procore-2/jobs/95549542-95549542-group-product-marketing-manager,live,2026-10-02,vc:Fifth Wall,getro:Fifth Wall:95549542
Entrata,AI Software Engineer,https://jobs.lever.co/entrata/02add165-9c1b-460d-854e-deab8e2ceb24,live,2026-09-30,lever,lever:entrata:02add165-9c1b-460d-854e-deab8e2ceb24
Entrata,Staff Corporate Security Engineer,https://jobs.lever.co/entrata/f99da18f-74cc-41dd-a208-26116d53bdd7,live,2026-09-24,lever,lever:entrata:f99da18f-74cc-41dd-a208-26116d53bdd7
Boom,Talent Network - don't see the role you are looking for but you're interested in Boom? - apply here!,https://www.linkedin.com/jobs/view/4461414227/,live,2026-09-24,linkedin,linkedin:boompay:4461414227
Closinglock,Software Engineer,https://ats.rippling.com/closinglock/jobs/00263a48-3158-443d-bbdc-7bf1249a57a7,live,2026-09-24,rippling,rippling:closinglock:00263a48-3158-443d-bbdc-7bf1249a57a7
Closinglock,"Account Executive, Mid-Market",https://ats.rippling.com/closinglock/jobs/008edbb8-c859-46b7-894c-a37bbd109050,live,2026-09-24,rippling,rippling:closinglock:008edbb8-c859-46b7-894c-a37bbd109050
Closinglock,Sales Development Representative,https://ats.rippling.com/closinglock/jobs/ac25579d-6556-449b-b674-08159e5b5d13,live,2026-09-24,rippling,rippling:closinglock:ac25579d-6556-449b-b674-08159e5b5d13
Closinglock,"Account Executive, Enterprise",https://ats.rippling.com/closinglock/jobs/b990d5d5-0e72-49c7-983e-40b0b31e9e78,live,2026-09-24,rippling,rippling:closinglock:b990d5d5-0e72-49c7-983e-40b0b31e9e78
Closinglock,Senior Backend Engineer,https://ats.rippling.com/closinglock/jobs/bc3a5556-20d2-421b-bd59-1cc24a25a13c,live,2026-09-24,rippling,rippling:closinglock:bc3a5556-20d2-421b-bd59-1cc24a25a13c
Closinglock,Head of People,https://ats.rippling.com/closinglock/jobs/e7a4e3b3-47f3-4ced-9e2d-69a60bade8bf,live,2026-09-24,rippling,rippling:closinglock:e7a4e3b3-47f3-4ced-9e2d-69a60bade8bf
Closinglock,Mid or Senior Frontend Engineer,https://ats.rippling.com/closinglock/jobs/f4d91ff1-8356-4bc9-ad51-b286993ee250,live,2026-09-24,rippling,rippling:closinglock:f4d91ff1-8356-4bc9-ad51-b286993ee250
Enertiv,Account Executive,https://ats.rippling.com/enertiv-jobs/jobs/c4741838-5914-40bc-9a2c-53be1688fca2,live,2026-09-24,rippling,rippling:enertiv-jobs:c4741838-5914-40bc-9a2c-53be1688fca2
Enertiv,Solutions Engineer,https://ats.rippling.com/enertiv-jobs/jobs/e2ee18ab-722b-4d7d-b0f7-a919dec80c04,live,2026-09-24,rippling,rippling:enertiv-jobs:e2ee18ab-722b-4d7d-b0f7-a919dec80c04
Obie,Data Analyst,https://ats.rippling.com/obie/jobs/1b4d06a3-eef2-4d94-9bb4-98c5256c348d,live,2026-09-24,rippling,rippling:obie:1b4d06a3-eef2-4d94-9bb4-98c5256c348d
Obie,Underwriter,https://ats.rippling.com/obie/jobs/506ec684-8c0f-4eb3-a30f-541a35e9df0d,live,2026-09-24,rippling,rippling:obie:506ec684-8c0f-4eb3-a30f-541a35e9df0d
TheGuarantors,"Director, Inside Partner Success",https://ats.rippling.com/theguarantors-open-positions/jobs/398ba713-ea93-408d-9b67-aeb8fda33695,live,2026-09-24,rippling,rippling:theguarantors-open-positions:398ba713-ea93-408d-9b67-aeb8fda33695
Belong,Escalation Specialist,https://apply.workable.com/belong-6/j/1A7C43DCAF/,live,2026-09-28,workable,workable:belong-6:1A7C43DCAF
Chamberlain Group,CNC Machinist,https://chamberlain.wd1.myworkdayjobs.com/Chamberlain_Group/job/Elmhurst-IL/CNC-Machinist_JR30409,live,2026-10-02,workday,workday:chamberlain:/job/Elmhurst-IL/CNC-Machinist_JR30409
Chamberlain Group,Technical Service Representative I,https://chamberlain.wd1.myworkdayjobs.com/Chamberlain_Group/job/Germantown-WI/Technical-Service-Representative-I_JR31358,live,2026-09-24,workday,workday:chamberlain:/job/Germantown-WI/Technical-Service-Representative-I_JR31358
Chamberlain Group,Manufacturing Process Documentation Intern (Summer 2027),https://chamberlain.wd1.myworkdayjobs.com/Chamberlain_Group/job/Malvern-AR/Manufacturing-Process-Documentation-Intern--Summer-2027-_JR31463,live,2026-09-24,workday,workday:chamberlain:/job/Malvern-AR/Manufacturing-Process-Documentation-Intern--Summer-2027-_JR31463
Chamberlain Group,Senior Demand Generation Lead,https://chamberlain.wd1.myworkdayjobs.com/Chamberlain_Group/job/Oak-Brook-IL/Demand-Generation-Lead_JR31005,live,2026-09-24,workday,workday:chamberlain:/job/Oak-Brook-IL/Demand-Generation-Lead_JR31005
Chamberlain Group,Integrated Business Planning Sr. Specialist,https://chamberlain.wd1.myworkdayjobs.com/Chamberlain_Group/job/Oak-Brook-IL/Integrated-Business-Planning-Sr-Specialist_JR30699,live,2026-09-24,workday,workday:chamberlain:/job/Oak-Brook-IL/Integrated-Business-Planning-Sr-Specialist_JR30699
Chamberlain Group,"Lead, Data and Deployment Operations",https://chamberlain.wd1.myworkdayjobs.com/Chamberlain_Group/job/Oak-Brook-IL/Lead--Data-and-Deployment-Operations_JR30941,live,2026-09-24,workday,workday:chamberlain:/job/Oak-Brook-IL/Lead--Data-and-Deployment-Operations_JR30941
Chamberlain Group,Lead Business Analyst,https://chamberlain.wd1.myworkdayjobs.com/Chamberlain_Group/job/Oak-Brook-IL/Lead-Business-Analyst_JR31449,live,2026-09-24,workday,workday:chamberlain:/job/Oak-Brook-IL/Lead-Business-Analyst_JR31449
Chamberlain Group,Lead Business Analyst,https://chamberlain.wd1.myworkdayjobs.com/Chamberlain_Group/job/Oak-Brook-IL/Lead-Business-Analyst_JR31467,live,2026-09-24,workday,workday:chamberlain:/job/Oak-Brook-IL/Lead-Business-Analyst_JR31467
Chamberlain Group,"Principal, Revenue Intelligence Platforms",https://chamberlain.wd1.myworkdayjobs.com/Chamberlain_Group/job/Oak-Brook-IL/Principal--Revenue-Intelligence-Platforms_JR31141,live,2026-09-24,workday,workday:chamberlain:/job/Oak-Brook-IL/Principal--Revenue-Intelligence-Platforms_JR31141
Chamberlain Group,Program Manager,https://chamberlain.wd1.myworkdayjobs.com/Chamberlain_Group/job/Oak-Brook-IL/Program-Manager_JR31197,live,2026-09-24,workday,workday:chamberlain:/job/Oak-Brook-IL/Program-Manager_JR31197
Chamberlain Group,"Software Engineer 1, Middleware (Intern Conversion)",https://chamberlain.wd1.myworkdayjobs.com/Chamberlain_Group/job/Oak-Brook-IL/Software-Engineer-1--Middleware--Intern-Conversion-_JR31674,live,2026-09-30,workday,workday:chamberlain:/job/Oak-Brook-IL/Software-Engineer-1--Middleware--Intern-Conversion-_JR31674
Chamberlain Group,"Sr Software Product Manager, AI",https://chamberlain.wd1.myworkdayjobs.com/Chamberlain_Group/job/Oak-Brook-IL/Software-Product-Manager--AI_JR30105-1,live,2026-09-28,workday,workday:chamberlain:/job/Oak-Brook-IL/Software-Product-Manager--AI_JR30105-1
Chamberlain Group,"Sr. Engineer, 2 Firmware",https://chamberlain.wd1.myworkdayjobs.com/Chamberlain_Group/job/Oak-Brook-IL/Sr-Engineer--2-Firmware_JR31505,live,2026-09-24,workday,workday:chamberlain:/job/Oak-Brook-IL/Sr-Engineer--2-Firmware_JR31505
Chamberlain Group,"Sr. Finance Analyst, FP&A",https://chamberlain.wd1.myworkdayjobs.com/Chamberlain_Group/job/Oak-Brook-IL/Sr-Finance-Analyst--FP-A_JR31126,live,2026-09-24,workday,workday:chamberlain:/job/Oak-Brook-IL/Sr-Finance-Analyst--FP-A_JR31126
Chamberlain Group,"Sr. Manager, Data Science (Product & Engineering)",https://chamberlain.wd1.myworkdayjobs.com/Chamberlain_Group/job/Oak-Brook-IL/Sr-Manager--Data-Science--Product---Engineering-_JR30950,live,2026-09-24,workday,workday:chamberlain:/job/Oak-Brook-IL/Sr-Manager--Data-Science--Product---Engineering-_JR30950
Chamberlain Group,"Sr. Manager, Finance - Commercial FP&A",https://chamberlain.wd1.myworkdayjobs.com/Chamberlain_Group/job/Oak-Brook-IL/Sr-Manager--Finance---Commercial-FP-A_JR30497,live,2026-09-24,workday,workday:chamberlain:/job/Oak-Brook-IL/Sr-Manager--Finance---Commercial-FP-A_JR30497
Chamberlain Group,Sr. Manager Quality Engineering - myQ,https://chamberlain.wd1.myworkdayjobs.com/Chamberlain_Group/job/Oak-Brook-IL/Sr-Manager-Quality-Engineering---myQ_JR31431,live,2026-09-24,workday,workday:chamberlain:/job/Oak-Brook-IL/Sr-Manager-Quality-Engineering---myQ_JR31431
Chamberlain Group,Sr. Sales Forecasting Analyst,https://chamberlain.wd1.myworkdayjobs.com/Chamberlain_Group/job/Oak-Brook-IL/Sr-Sales-Forecasting-Analyst_JR29665,live,2026-09-24,workday,workday:chamberlain:/job/Oak-Brook-IL/Sr-Sales-Forecasting-Analyst_JR29665
Chamberlain Group,Administrator I Distribution,https://chamberlain.wd1.myworkdayjobs.com/Chamberlain_Group/job/Olive-Branch-MS/Administrator-I-Distribution_JR31233,live,2026-09-24,workday,workday:chamberlain:/job/Olive-Branch-MS/Administrator-I-Distribution_JR31233
Chamberlain Group,"Lead, NPD Sourcing Operations",https://chamberlain.wd1.myworkdayjobs.com/Chamberlain_Group/job/Remote---Wisconsin/Lead--NPD-Sourcing-Operations_JR31627,live,2026-09-24,workday,workday:chamberlain:/job/Remote---Wisconsin/Lead--NPD-Sourcing-Operations_JR31627
Chamberlain Group,Residential Support Representative I,https://chamberlain.wd1.myworkdayjobs.com/Chamberlain_Group/job/Tucson-AZ/Residential-Support-Representative-I_JR31550,live,2026-09-24,workday,workday:chamberlain:/job/Tucson-AZ/Residential-Support-Representative-I_JR31550
Greystar,"Accountant, Development",https://greystar.wd1.myworkdayjobs.com/External/job/City-Office-Charleston-Charleston-SC/Accountant--Development_R0199510-1,live,2026-09-24,workday,workday:greystar:/job/City-Office-Charleston-Charleston-SC/Accountant--Development_R0199510-1
Greystar,"Director, Treasury Technology & Infrastructure",https://greystar.wd1.myworkdayjobs.com/External/job/City-Office-Charleston-Charleston-SC/Director--Treasury-Technology---Infrastructure_R0188645-1,live,2026-09-24,workday,workday:greystar:/job/City-Office-Charleston-Charleston-SC/Director--Treasury-Technology---Infrastructure_R0188645-1
Greystar,Senior Accountant,https://greystar.wd1.myworkdayjobs.com/External/job/City-Office-Charleston-Charleston-SC/Senior-Accountant_R0200003-1,live,2026-09-24,workday,workday:greystar:/job/City-Office-Charleston-Charleston-SC/Senior-Accountant_R0200003-1
Greystar,"Senior Analyst, Product Specialist / Investor Relations",https://greystar.wd1.myworkdayjobs.com/External/job/City-Office-Charleston-Charleston-SC/Senior-Analyst--Product-Specialist---Investor-Relations_R0200212,live,2026-09-24,workday,workday:greystar:/job/City-Office-Charleston-Charleston-SC/Senior-Analyst--Product-Specialist---Investor-Relations_R0200212
Greystar,"Senior Analyst, Real Estate Operations & Analytics - Centralized Services",https://greystar.wd1.myworkdayjobs.com/External/job/City-Office-Dallas-Cypress-Waters-Dallas-TX/Senior-Analyst--Real-Estate-Operations---Analytics---Centralized-Services_R0195091,live,2026-09-24,workday,workday:greystar:/job/City-Office-Dallas-Cypress-Waters-Dallas-TX/Senior-Analyst--Real-Estate-Operations---Analytics---Centralized-Services_R0195091
Greystar,Manager of Performance Strategy - San Diego & Orange County,https://greystar.wd1.myworkdayjobs.com/External/job/City-Office-Escondido-Escondido-CA/Manager-of-Performance-Strategy---San-Diego---Orange-County_R0198987-1,live,2026-09-24,workday,workday:greystar:/job/City-Office-Escondido-Escondido-CA/Manager-of-Performance-Strategy---San-Diego---Orange-County_R0198987-1
Greystar,CO Hiring Event Tue Sept 29 & Wed Sept 30,https://greystar.wd1.myworkdayjobs.com/External/job/City-Office-Greenwood-Village-Greenwood-Village-CO/CO-Hiring-Event-Tue-Sept-29---Wed-Sept-30_R0201001-1,live,2026-09-24,workday,workday:greystar:/job/City-Office-Greenwood-Village-Greenwood-Village-CO/CO-Hiring-Event-Tue-Sept-29---Wed-Sept-30_R0201001-1
Greystar,Marketing Associate - Colorado,https://greystar.wd1.myworkdayjobs.com/External/job/City-Office-Greenwood-Village-Greenwood-Village-CO/Marketing-Associate---Colorado_R0201480,live,2026-09-24,workday,workday:greystar:/job/City-Office-Greenwood-Village-Greenwood-Village-CO/Marketing-Associate---Colorado_R0201480
Greystar,Superintendent II,https://greystar.wd1.myworkdayjobs.com/External/job/City-Office-Nashville-Nashville-TN/Superintendent-II_R0197728-3,live,2026-09-24,workday,workday:greystar:/job/City-Office-Nashville-Nashville-TN/Superintendent-II_R0197728-3
Greystar,Director of Client Services,https://greystar.wd1.myworkdayjobs.com/External/job/City-Office-Orlando-Orlando-FL/Director-of-Client-Services_R0199749,live,2026-09-24,workday,workday:greystar:/job/City-Office-Orlando-Orlando-FL/Director-of-Client-Services_R0199749
Greystar,Marketing Associate - Austin & San Antonio,https://greystar.wd1.myworkdayjobs.com/External/job/City-Office-San-Antonio-San-Antonio-TX/Marketing-Associate---Austin-San-Antonio_R0199993,live,2026-09-24,workday,workday:greystar:/job/City-Office-San-Antonio-San-Antonio-TX/Marketing-Associate---Austin-San-Antonio_R0199993
Greystar,Marketing Associate - San Francisco Market,https://greystar.wd1.myworkdayjobs.com/External/job/City-Office-San-Francisco-San-Francisco-CA/Remote-Marketing-Associate---San-Francisco-Market_R0200430,live,2026-09-24,workday,workday:greystar:/job/City-Office-San-Francisco-San-Francisco-CA/Remote-Marketing-Associate---San-Francisco-Market_R0200430
Greystar,"Director, Capital Projects",https://greystar.wd1.myworkdayjobs.com/External/job/City-Office-San-Francisco-San-Francisco-CA/Senior-Director--Capital-Projects_R0200999,live,2026-09-24,workday,workday:greystar:/job/City-Office-San-Francisco-San-Francisco-CA/Senior-Director--Capital-Projects_R0200999
Greystar,Renovation Specialist - Silver,https://greystar.wd1.myworkdayjobs.com/External/job/City-Office-San-Jose-San-Jose-CA/Renovation-Specialist---Silver_R0197963,live,2026-09-24,workday,workday:greystar:/job/City-Office-San-Jose-San-Jose-CA/Renovation-Specialist---Silver_R0197963
Greystar,"Director, Program Management",https://greystar.wd1.myworkdayjobs.com/External/job/Remote-United-States/Director--Program-Management_R0192961,live,2026-09-24,workday,workday:greystar:/job/Remote-United-States/Director--Program-Management_R0192961
Greystar,"Manager, Source-to-Contract – Operations",https://greystar.wd1.myworkdayjobs.com/External/job/Remote-United-States/Manager--Source-to-Contract---Operations_R0201723,live,2026-09-24,workday,workday:greystar:/job/Remote-United-States/Manager--Source-to-Contract---Operations_R0201723
Greystar,"Regional Director, Employee Relations",https://greystar.wd1.myworkdayjobs.com/External/job/Remote-United-States/Regional-Director--Employee-Relations_R0191545,live,2026-09-24,workday,workday:greystar:/job/Remote-United-States/Regional-Director--Employee-Relations_R0191545
Greystar,Senior Accountant,https://greystar.wd1.myworkdayjobs.com/External/job/Remote-United-States/Senior-Accountant_R0200003-1,live,2026-09-30,workday,workday:greystar:/job/Remote-United-States/Senior-Accountant_R0200003-1
Greystar,Software Support Coordinator,https://greystar.wd1.myworkdayjobs.com/External/job/Remote-United-States/Software-Support-Coordinator_R0200156-1,live,2026-09-24,workday,workday:greystar:/job/Remote-United-States/Software-Support-Coordinator_R0200156-1
Greystar,WalkMe Design Associate,https://greystar.wd1.myworkdayjobs.com/External/job/Remote-United-States/WalkMe-Design-Associate_R0196681,live,2026-09-24,workday,workday:greystar:/job/Remote-United-States/WalkMe-Design-Associate_R0196681
Greystar,1st Party Debt Collection Specialist,https://greystar.wd1.myworkdayjobs.com/External/job/Remote-United-States/XMLNAME-1st-Party-Debt-Collection-Specialist_R0159620,live,2026-09-24,workday,workday:greystar:/job/Remote-United-States/XMLNAME-1st-Party-Debt-Collection-Specialist_R0159620
Zillow Group,"Marketing Specialist, Media Reporting and Automation",https://zillow.wd5.myworkdayjobs.com/Zillow_Group_External/job/Bengaluru/Marketing-Specialist--Media-Reporting-and-Automation_P751329-2,live,2026-09-24,workday,workday:zillow:/job/Bengaluru/Marketing-Specialist--Media-Reporting-and-Automation_P751329-2
Zillow Group,Product Manager,https://zillow.wd5.myworkdayjobs.com/Zillow_Group_External/job/Mexico-City/Product-Manager_P751347-1,live,2026-09-24,workday,workday:zillow:/job/Mexico-City/Product-Manager_P751347-1
Zillow Group,Business Operations Specialist,https://zillow.wd5.myworkdayjobs.com/Zillow_Group_External/job/Remote-CA/Business-Operations-Specialist_P751388,live,2026-09-28,workday,workday:zillow:/job/Remote-CA/Business-Operations-Specialist_P751388
Zillow Group,"Business Advisor, Enterprise, Rentals",https://zillow.wd5.myworkdayjobs.com/Zillow_Group_External/job/Remote-USA/Business-Advisor--Enterprise--Rentals_P751115-2,live,2026-09-24,workday,workday:zillow:/job/Remote-USA/Business-Advisor--Enterprise--Rentals_P751115-2
Zillow Group,Campaign Manager,https://zillow.wd5.myworkdayjobs.com/Zillow_Group_External/job/Remote-USA/Campaign-Manager_P751383-2,live,2026-09-24,workday,workday:zillow:/job/Remote-USA/Campaign-Manager_P751383-2
Zillow Group,Contingent Workforce Business Partner,https://zillow.wd5.myworkdayjobs.com/Zillow_Group_External/job/Remote-USA/Contingent-Workforce-Business-Partner_P751195-1,live,2026-09-24,workday,workday:zillow:/job/Remote-USA/Contingent-Workforce-Business-Partner_P751195-1
Zillow Group,Contingent Workforce Operations & Systems Analyst,https://zillow.wd5.myworkdayjobs.com/Zillow_Group_External/job/Remote-USA/Contingent-Workforce-Operations---Systems-Analyst_P751194-1,live,2026-09-24,workday,workday:zillow:/job/Remote-USA/Contingent-Workforce-Operations---Systems-Analyst_P751194-1
Zillow Group,Corporate Communications Manager,https://zillow.wd5.myworkdayjobs.com/Zillow_Group_External/job/Remote-USA/Corporate-Communications-Manager_P750874-1,live,2026-09-24,workday,workday:zillow:/job/Remote-USA/Corporate-Communications-Manager_P750874-1
Zillow Group,"Counsel, Contracts",https://zillow.wd5.myworkdayjobs.com/Zillow_Group_External/job/Remote-USA/Counsel--Contracts_P751402-1,live,2026-09-24,workday,workday:zillow:/job/Remote-USA/Counsel--Contracts_P751402-1
Zillow Group,"Director, Marketing AI & Automation",https://zillow.wd5.myworkdayjobs.com/Zillow_Group_External/job/Remote-USA/Director--Marketing-AI---Automation_P751408-1,live,2026-09-28,workday,workday:zillow:/job/Remote-USA/Director--Marketing-AI---Automation_P751408-1
Zillow Group,"Director, State & Local Government Affairs",https://zillow.wd5.myworkdayjobs.com/Zillow_Group_External/job/Remote-USA/Director--State---Local-Government-Affairs_P751153,live,2026-09-24,workday,workday:zillow:/job/Remote-USA/Director--State---Local-Government-Affairs_P751153
Zillow Group,"Principal Machine Learning Engineer, Agentic AI",https://zillow.wd5.myworkdayjobs.com/Zillow_Group_External/job/Remote-USA/Principal-Machine-Learning-Engineer--Agentic-AI_P748682-2,live,2026-09-24,workday,workday:zillow:/job/Remote-USA/Principal-Machine-Learning-Engineer--Agentic-AI_P748682-2
Zillow Group,"Principal Product Manager, Listing Product",https://zillow.wd5.myworkdayjobs.com/Zillow_Group_External/job/Remote-USA/Principal-Product-Manager--Listing-Product_P751217-2,live,2026-09-24,workday,workday:zillow:/job/Remote-USA/Principal-Product-Manager--Listing-Product_P751217-2
Zillow Group,"Product Designer, Web Experience",https://zillow.wd5.myworkdayjobs.com/Zillow_Group_External/job/Remote-USA/Product-Designer--Web-Experience_P751168-1,live,2026-09-24,workday,workday:zillow:/job/Remote-USA/Product-Designer--Web-Experience_P751168-1
Zillow Group,"Program Manager, HR Compliance",https://zillow.wd5.myworkdayjobs.com/Zillow_Group_External/job/Remote-USA/Program-Manager--HR-Compliance_P751326-1,live,2026-09-24,workday,workday:zillow:/job/Remote-USA/Program-Manager--HR-Compliance_P751326-1
Zillow Group,"Sales Executive, SMB, Rentals",https://zillow.wd5.myworkdayjobs.com/Zillow_Group_External/job/Remote-USA/Sales-Executive--SMB--Rentals_P750747-2,live,2026-09-24,workday,workday:zillow:/job/Remote-USA/Sales-Executive--SMB--Rentals_P750747-2
Zillow Group,Senior Marketing Intelligence Strategist,https://zillow.wd5.myworkdayjobs.com/Zillow_Group_External/job/Remote-USA/Senior-Marketing-Intelligence-Strategist_P751271-1,live,2026-09-24,workday,workday:zillow:/job/Remote-USA/Senior-Marketing-Intelligence-Strategist_P751271-1
Zillow Group,"Senior Product Counsel,  Real Estate Products",https://zillow.wd5.myworkdayjobs.com/Zillow_Group_External/job/Remote-USA/Senior-Product-Counsel---Real-Estate-Product_P751233-1,live,2026-09-24,workday,workday:zillow:/job/Remote-USA/Senior-Product-Counsel---Real-Estate-Product_P751233-1
Zillow Group,Principal Sales Strategy Business Partner,https://zillow.wd5.myworkdayjobs.com/Zillow_Group_External/job/Remote-USA/Senior-Sales-Strategy-Business-Partner_P750409-1,live,2026-09-24,workday,workday:zillow:/job/Remote-USA/Senior-Sales-Strategy-Business-Partner_P750409-1
Zillow Group,"Agentic AI, Senior Software Development Engineer",https://zillow.wd5.myworkdayjobs.com/Zillow_Group_External/job/Remote-USA/Senior-Software-Development-Engineer_P751037-1,live,2026-09-24,workday,workday:zillow:/job/Remote-USA/Senior-Software-Development-Engineer_P751037-1
Zillow Group,Senior Software Engineer,https://zillow.wd5.myworkdayjobs.com/Zillow_Group_External/job/Remote-USA/Senior-Software-Engineer_P751275-1,live,2026-09-24,workday,workday:zillow:/job/Remote-USA/Senior-Software-Engineer_P751275-1
Zillow Group,Senior Strategic GTM Program Manager,https://zillow.wd5.myworkdayjobs.com/Zillow_Group_External/job/Remote-USA/Senior-Strategic-GTM-Program-Manager_P751129-1,live,2026-09-24,workday,workday:zillow:/job/Remote-USA/Senior-Strategic-GTM-Program-Manager_P751129-1
Zillow Group,Senior Talent Intelligence Analyst,https://zillow.wd5.myworkdayjobs.com/Zillow_Group_External/job/Remote-USA/Senior-Talent-Intelligence-Analyst_P751200-1,live,2026-09-24,workday,workday:zillow:/job/Remote-USA/Senior-Talent-Intelligence-Analyst_P751200-1
Zillow Group,Title Officer,https://zillow.wd5.myworkdayjobs.com/Zillow_Group_External/job/Remote-USA/Title-Officer_P751270,live,2026-09-24,workday,workday:zillow:/job/Remote-USA/Title-Officer_P751270
Zillow Group,Workforce Capability Lead,https://zillow.wd5.myworkdayjobs.com/Zillow_Group_External/job/Remote-USA/Workforce-Capability-Lead_P751351-2,live,2026-09-24,workday,workday:zillow:/job/Remote-USA/Workforce-Capability-Lead_P751351-2
