Company Name,Website URL,Careers Page URL,Leadership URL,Ticker,CIK,State,Industry Segment,Aliases
Evernest,https://www.evernest.co,https://www.evernest.co/careers,https://www.evernest.co/about,,,Alabama,Scattered Site Rental Operations,
Atlas Real Estate,https://realatlas.com,https://realatlas.com/careers/,https://realatlas.com/our-team/,,,Colorado,Scattered Site Rental Operations,
PURE HomeRiver Group,https://purehomeriver.com,https://purehomeriver.com/company/careers/,https://purehomeriver.com/company/leadership/,,,Florida,Scattered Site Rental Operations,HomeRiver Group;PURE Property Management
Renters Warehouse,https://www.renterswarehouse.com,https://www.renterswarehouse.com/careers,https://www.renterswarehouse.com/about-us,,,Minnesota,Scattered Site Rental Operations,
Second Nature,https://www.secondnature.com,https://www.secondnature.com/careers,https://www.secondnature.com/about,,,Tennessee,Resident Benefits,
AppFolio,https://www.appfolio.com,https://www.appfolio.com/company/careers,https://www.appfolio.com/company/leadership,APPF,,California,Property Management Software,
Entrata,https://www.entrata.com,https://www.entrata.com/careers,https://www.entrata.com/about/leadership,,,Utah,Property Management Software,
SmartRent,https://smartrent.com,https://smartrent.com/careers,https://smartrent.com/leadership/,SMRT,,Arizona,Smart Home,
Zillow Group,https://www.zillow.com,https://www.zillow.com/careers,https://www.zillowgroup.com/about-us/leadership/,ZG,,Washington,Marketplace,
Redfin,https://www.redfin.com,https://www.redfin.com/careers,https://investors.redfin.com/leadership,,,Washington,Brokerage Tech,
CoStar Group,https://www.costargroup.com,https://www.costargroup.com/careers,https://www.costargroup.com/about/leadership,CSGP,,Virginia,Data & Analytics,
Opendoor,https://www.opendoor.com,https://www.opendoor.com/careers,https://www.opendoor.com/about,OPEN,,Arizona,iBuying,
Greystar,https://www.greystar.com,https://www.greystar.com/careers,https://www.greystar.com/about-us/leadership,,,South Carolina,Multifamily Management,
Yardi Systems,https://www.yardi.com,https://www.yardi.com/careers,,,,California,Property Management Software,
Procore Technologies,https://www.procore.com,https://www.procore.com/careers,,PCOR,,California,Construction Tech,
Matterport,https://matterport.com,https://matterport.com/careers,,,,California,3D Space Capture / Real Estate Media,
Measurabl,https://measurabl.com,https://measurabl.com/careers,,,,California,ESG/Sustainability Data for CRE,
Placer.ai,https://www.placer.ai,https://www.placer.ai/careers,,,,California,Foot Traffic / Location Analytics,
Roofstock,https://www.roofstock.com,https://www.roofstock.com/careers,,,,California,SFR Investment Marketplace,
Doma,https://www.doma.com,https://www.doma.com/careers,,,,California,Title Insurance / Mortgage Tech,Doma Holdings
Blend Labs,https://www.blend.com,https://blend.com/careers,,,1855747,California,Mortgage/Lending Software,
Point,https://www.point.com,https://www.point.com/careers,,,,California,Home Equity Fintech,
Zumper,https://www.zumper.com,https://www.zumper.com/careers,,,,California,Rental Marketplace,
Apartment List,https://www.apartmentlist.com,https://www.apartmentlist.com/careers,,,,California,Rental Marketplace,
Hemlane,https://www.hemlane.com,https://www.hemlane.com/careers,,,,California,Property Management Software,
Pacaso,https://www.pacaso.com,https://www.pacaso.com/careers,,,,California,Co-Ownership / Second Homes,
Crexi,https://www.crexi.com,https://www.crexi.com/careers,,,,California,CRE Marketplace & Data,
Kiavi,https://www.kiavi.com,https://www.kiavi.com/careers,,,,California,Real Estate Investor Lending,
Side,https://www.side.com,https://www.side.com/careers,,,,California,Real Estate Brokerage Platform,
HouseCanary,https://www.housecanary.com,https://www.housecanary.com/careers,,,,California,Real Estate Valuation/AVM Data,
HomeLight,https://www.homelight.com,https://www.homelight.com/careers,,,,California,Agent Matching / Real Estate Marketplace,
Snapdocs,https://www.snapdocs.com,https://www.snapdocs.com/careers,,,,California,Digital Mortgage Closing Platform,
RentSpree,https://www.rentspree.com,https://www.rentspree.com/careers,,,,California,Tenant Screening Software,
Realtor.com (Move Inc.),https://www.realtor.com,https://www.move.com/careers,,,,California,Real Estate Listings Marketplace,Move Inc;Realtor.com
Auction.com,https://www.auction.com,https://www.auction.com/careers,,,,California,Real Estate Auction Platform,
RealPage,https://www.realpage.com,https://www.realpage.com/careers,,,,Texas,Property Management Data & Software,
ResMan,https://myresman.com,https://myresman.com/careers,,,,Texas,Property Management Software,
Homeward,https://www.homeward.com,https://www.homeward.com/careers,,,,Texas,Cash-Offer / Mortgage Fintech,
Steadily,https://www.steadily.com,https://www.steadily.com/careers,,,,Texas,Landlord Insurance,
Closinglock,https://www.closinglock.com,https://www.closinglock.com/careers,,,,Texas,Wire Fraud Prevention for RE Closings,
CertifID,https://www.certifid.com,https://www.certifid.com/careers,,,,Texas,Wire Fraud Prevention / Identity Verification,
Luxury Presence,https://www.luxurypresence.com,https://www.luxurypresence.com/careers,,,,Texas,Real Estate Agent Marketing Platform,
GreenLite,https://www.greenlite.ai,https://www.greenlite.ai/careers,,,,Texas,AI Permitting & Compliance,
Worksmith,https://www.worksmith.com,https://www.worksmith.com/careers,,,,Texas,Retail/CRE Facilities Marketplace,
Ownwell,https://www.ownwell.com,https://www.ownwell.com/careers,,,,Texas,Property Tax Appeal Platform,
Ojo Labs,https://www.ojolabs.com,https://www.ojolabs.com/careers,,,,Texas,AI Real Estate Assistant,
Opcity (Realtor.com),https://www.opcity.com,https://www.move.com/careers,,,,Texas,Real Estate Lead Conversion Platform,Opcity
Compass,https://www.compass.com,https://www.compass.com/careers,,COMP,,New York,Real Estate Brokerage Tech,
VTS,https://www.vts.com,https://www.vts.com/careers,,,,New York,Commercial Real Estate Leasing Platform,
ButterflyMX,https://www.butterflymx.com,https://www.butterflymx.com/careers,,,,New York,Smart Access / Intercom Systems,
Guesty,https://www.guesty.com,https://www.guesty.com/careers,,,,New York,Short-Term Rental Management Software,
Rhino,https://www.sayrhino.com,https://careers.sayrhino.com,,,,New York,Security Deposit Insurance,
Bilt Rewards,https://www.biltrewards.com,https://www.biltrewards.com/careers,,,,New York,Rent Rewards / Resident Fintech,Bilt
CompStak,https://www.compstak.com,https://www.compstak.com/careers,,,,New York,CRE Comparable Data Platform,
Cadre,https://www.cadre.com,https://www.cadre.com/careers,,,,New York,CRE Investment Platform,
SquareFoot,https://www.squarefoot.com,https://www.squarefoot.com/careers,,,,New York,Commercial Office Brokerage Tech,
Latch,https://www.latch.com,https://www.latch.com/careers,,,,New York,Smart Access for Multifamily,
Agora,https://www.agorareal.com,https://www.agorareal.com/careers,,,,New York,Real Estate Investment Management SaaS,
Cherre,https://www.cherre.com,https://www.cherre.com/careers,,,,New York,Real Estate Data Integration Platform,
Enertiv,https://www.enertiv.com,https://www.enertiv.com/careers,,,,New York,Building Energy Management,
Bowery Valuation,https://www.boweryvaluation.com,https://www.boweryvaluation.com/careers,,,,New York,AI-Powered Appraisal Software,
Obligo,https://www.myobligo.com,https://www.myobligo.com/careers,,,,New York,Security Deposit Alternative,
TheGuarantors,https://www.theguarantors.com,https://www.theguarantors.com/careers,,,,New York,Lease Insurance / Insurtech,
Funnel Leasing,https://www.funnelleasing.com,https://www.funnelleasing.com/careers,,,,New York,Multifamily Leasing CRM,
Convene,https://convene.com,https://convene.com/careers,,,,New York,Flexible Workspace / Meeting Venues,
Orchard,https://www.orchard.com,https://www.orchard.com/careers,,,,New York,Home Trade-In / Mortgage Fintech,
Better.com,https://better.com,https://better.com/careers,,BETR,,New York,Digital Mortgage Platform,
Updater,https://www.updater.com,https://www.updater.com/careers,,,,New York,Moving/Relocation Tech for Property Managers,
Livly,https://www.livly.io,https://www.livly.io/careers,,,,Illinois,Resident Experience Platform,
Chamberlain Group,https://www.chamberlaingroup.com,https://www.chamberlaingroup.com/careers,,,,Illinois,Smart Access (myQ/LiftMaster),
Obie,https://www.obieinsurance.com,https://www.obieinsurance.com/careers,,,,Illinois,Landlord Insurance / Insurtech,
Avail (Realtor.com),https://www.avail.co,https://www.avail.co/careers,,,,Illinois,DIY Landlord Software,Avail
HqO,https://www.hqo.com,https://www.hqo.com/careers,,,,Massachusetts,Tenant/Workplace Experience Platform,
Buildium (RealPage),https://www.buildium.com,https://www.buildium.com/careers,,,,Massachusetts,Property Management Software,Buildium
Placester,https://placester.com,https://placester.com/careers,,,,Massachusetts,Real Estate Agent Website Platform,
Robin,https://www.robinpowered.com,https://www.robinpowered.com/careers,,,,Massachusetts,Workplace Experience Platform,
GetCovered,https://getcovered.io,https://getcovered.io/careers,,,,Colorado,Renters Insurance / PropTech-Insurtech,
TurboTenant,https://www.turbotenant.com,https://www.turbotenant.com/careers,,,,Colorado,Landlord/DIY Property Management Software,
Homebot,https://www.homebot.ai,https://www.homebot.ai/careers,,,,Colorado,Homeowner Engagement Platform,
Digible,https://www.digible.com,https://www.digible.com/careers,,,,Colorado,Multifamily Marketing Agency/Tech,
NetVendor,https://www.netvendor.com,https://www.netvendor.com/careers,,,,Georgia,Vendor Compliance & Insurance Software,
Offerpad,https://www.offerpad.com,https://www.offerpad.com/careers,,OPAD,,Arizona,iBuying / Real Estate Transactions,
PointCentral,https://www.pointcentral.com,https://www.pointcentral.com/careers,,,,Arizona,Smart Home for SFR (Alarm.com subsidiary),
Rentec Direct,https://www.rentecdirect.com,https://www.rentecdirect.com/careers,,,,Oregon,Property Management Software,
Home365,https://www.home365.co,https://www.home365.co/careers,,,,Nevada,SFR Full-Service Property Management,
Cecilian Partners,https://www.cecilianpartners.com,https://www.cecilianpartners.com/careers,,,,Pennsylvania,New Home Community Development Software,
Alarm.com,https://www.alarm.com,https://www.alarm.com/careers,,ALRM,,Virginia,Smart Property / Security Platform,
Notarize (Proof),https://www.proof.com,https://www.proof.com/careers,,,,Virginia,Remote Online Notarization,Notarize;Proof.com
Knock CRM,https://www.knockrentals.com,https://www.knockrentals.com/careers,,,,Washington,Multifamily Leasing CRM,Knock
Rocket Companies,https://www.rocketcompanies.com,https://www.rocketcompanies.com/careers,,RKT,,Michigan,Mortgage / Real Estate Fintech,Rocket Mortgage
Rent Manager (LCS),https://www.rentmanager.com,https://www.rentmanager.com/careers,,,,Ohio,Property Management Software,Rent Manager
MRI Software,https://www.mrisoftware.com,https://www.mrisoftware.com/careers,,,,Ohio,Real Estate/Property Management Software,
Density,https://www.density.io,https://www.density.io/careers,,,,Ohio,Occupancy Sensing for Buildings,
Bright MLS,https://www.brightmls.com,https://www.brightmls.com/careers,,,,Maryland,Real Estate MLS / Listings Data,
DoorLoop,https://www.doorloop.com,https://www.doorloop.com/careers,,,,Florida,Property Management Software,
Envoy,https://envoy.com,https://envoy.com/careers,,,,California,Workplace Experience Platform,
LeaseLock,https://www.leaselock.com,https://www.leaselock.com/careers,,,,California,Deposit-Free Leasing Insurtech,
Flock Homes,https://www.flockhomes.com,https://www.flockhomes.com/careers,,,,California,SFR 1031 Exchange Platform,
Divvy Homes,https://www.divvyhomes.com,https://www.divvyhomes.com/careers,,,,California,Rent-to-Own Platform,
Doorstead,https://www.doorstead.com,https://www.doorstead.com/careers,,,,California,Guaranteed-Rent Property Management,
Belong,https://belonghome.com,https://belonghome.com/careers,,,,California,SFR Property Management,
Mynd,https://www.mynd.co,https://www.mynd.co/careers,,,,California,SFR Property Management,Mynd Property Management
Northpoint Asset Management,https://northpointam.com,https://northpointam.com/careers,,,,Utah,SFR Property Management,
Evergreen Residential,https://evergreenresi.com,https://evergreenresi.com/careers/,,,,Texas,SFR Operator,
Property Meld,https://propertymeld.com,https://property-meld.breezy.hr/,,,,South Dakota,Maintenance Coordination Software,
Footprint,https://www.onefootprint.com,https://jobs.ashbyhq.com/onefootprint,,,,New York,Identity Verification / KYC,
Reffie,https://reffie.com,https://careers.reffie.me/,,,,Texas,AI Leasing Workflow,
Two Dots,https://www.twodots.com,https://jobs.lever.co/twodots,,,,California,AI Tenant Screening / Underwriting,
Haven,https://www.usehaven.ai,https://www.ycombinator.com/companies/haven-2/jobs,,,,New York,AI Workforce for Property Management,
Nutiliti,https://www.nutiliti.com,https://builtin.com/company/nutiliti/jobs,,,,Texas,Utility Management for Property Managers,
HiredHelpr,https://www.hiredhelpr.com,https://www.glassdoor.com/Jobs/HiredHelpr-Jobs-E10287326.htm,,,,,SFR Maintenance Services Platform,
Mason,https://www.thisismason.com,https://www.thisismason.com,,,,California,AI Maintenance Coordinator (SFR),
Super,https://www.hiresuper.com,https://www.hiresuper.com/careers,,,,New York,Voice AI for Property Management,
Boom,https://www.boompay.app,https://wellfound.com/company/boom-app/jobs,,,,Texas,Rent Reporting / Screening / Leasing CRM,
AbodeMine,https://www.abodemine.com,https://wellfound.com/company/abodemine/jobs,,,,Colorado,SFR Property Intelligence Data,
Lineage,https://lineage.finance,https://lineage.finance/careers,,,,,Rental Property Investing Platform,
Series Homes,https://www.serieshomes.com,https://www.serieshomes.com,,,,Texas,2-4 Unit / House-Hacking Marketplace & Brokerage,
PropertyManagement.com,https://www.propertymanagement.com,https://www.propertymanagement.com/careers,,,,,Property Management (TBC),
Kasa Living,,https://www.kasa.com/careers,,,,,,
Medical Properties Trust,,https://www.medicalpropertiestrust.com/careers,,MPW,,,,
Uniti Group,,https://www.uniti.com/careers,,UNIT,,,,
Starwood Property Trust,,https://www.starwoodcapital.com/careers,,STWD,,,,
Alexander & Baldwin,,https://www.alexanderbaldwin.com/careers,,ALEX,,,,
Kite Realty Group Trust,,https://www.kiterealty.com/careers,,KRG,,,,Kite Realty
Lamar Advertising Company,,https://www.lamar.com/careers,,LAMR,,,,
EastGroup Properties,,https://www.eastgroup.net/careers,,EGP,,,,
EPR Properties,,https://www.eprkc.com/careers,,EPR,,,,
Veris Residential,,https://www.verisresidential.com/careers,,VRE,,,,
Highwoods Properties,,https://www.highwoods.com/careers,,HIW,,,,
Easterly Government Properties,,https://www.easterlyre.com/careers,,DEA,,,,
Cohen-Esrey Communities,,https://www.cohenesrey.com/careers,,,,,,
Case & Associates,,https://www.caseandassociates.com/careers,,,,,,
Oakbrook Corporation,,https://www.oakbrookcorp.com/careers,,,,,,
BH Management Services,,https://www.bhmanagement.com/careers,,,,,,BH Management
Atria Senior Living,,https://www.atriaseniorliving.com/careers,,,,,,
Picerne Real Estate Group,,https://www.picerne.com/careers,,,,,,
The Lund Company,,https://www.lundco.com/careers,,,,,,
Tamarack Property Management,,https://www.tamarackproperty.com/careers,,,,,,
Mountain Property Management,,https://jacksonholeproperties.net/careers,,,,,,
Redstone,,https://www.redstonevt.com/careers,,,,,,
WeWork,,https://www.wework.com/careers,,,,,,
Industrious,,https://www.industriousoffice.com/careers,,,,,,
NARPM (National Association of Residential Property Managers) Job Board,,,,,,,,NARPM;National Association of Residential Property Managers
Rhome Property Management,,https://www.rhomepm.com/employment,,,,,,
Key Renter Property Management,,https://keyrenter.com/,,,,,,
PMI,,https://www.propertymanagementinc.com/careers,,,,,,Property Management Inc
Real Property Management,,https://jobs.realpropertymgt.com/jobs,,,,,,
Evergreen Live,,,,,,,,
